ORDER_LINE_STATUS	ORDER_NUMBER	PLANNING_DATE	REQUESTED_DELIVERY_DATE	DEPARTURE_DATE	CUSTOMER_NUMBER	COUNTRY	CUSTOMERS_ORDER_NO	ORDER_LINE_DELIVERY_METHOD	ORDER_TYPE_CODE	ITEM_NUMBER	NAME	PROCUREMENT_GROUP_CODE	EAN_NUMBER	ORDER_LINE_NUMBER	WAREHOUSE	ORDERED_QUANTITY	NET_PRICE	PRICE	DELIVERY_NO
22	1023643834	4/28/2026	5/15/2026	5/12/2026	64920	PL	F26 FTW MAY	105	E11	1104541D017.075	Adrenaline GTS 25	FTW	195394877502	1	408	1	50	50	34586334
22	1023643834	4/28/2026	5/15/2026	5/12/2026	64920	PL	F26 FTW MAY	105	E11	1104541D017.080	Adrenaline GTS 25	FTW	195394877519	2	408	11	50	550	34586334
22	1023643834	4/28/2026	5/15/2026	5/12/2026	64920	PL	F26 FTW MAY	105	E11	1104541D017.085	Adrenaline GTS 25	FTW	195394877526	3	408	23	50	1150	34586334
22	1023643834	4/28/2026	5/15/2026	5/12/2026	64920	PL	F26 FTW MAY	105	E11	1104541D017.090	Adrenaline GTS 25	FTW	195394877533	4	408	31	50	1550	34586334
22	1023643834	4/28/2026	5/15/2026	5/12/2026	64920	PL	F26 FTW MAY	105	E11	1104541D017.095	Adrenaline GTS 25	FTW	195394877540	5	408	41	50	2050	34586334
22	1023643834	4/28/2026	5/15/2026	5/12/2026	64920	PL	F26 FTW MAY	105	E11	1104541D017.100	Adrenaline GTS 25	FTW	195394877557	6	408	42	50	2100	34586334
22	1023643834	4/28/2026	5/15/2026	5/12/2026	64920	PL	F26 FTW MAY	105	E11	1104541D017.105	Adrenaline GTS 25	FTW	195394877564	7	408	41	50	2050	34586334
22	1023643834	4/28/2026	5/15/2026	5/12/2026	64920	PL	F26 FTW MAY	105	E11	1104541D017.110	Adrenaline GTS 25	FTW	195394877571	8	408	37	50	1850	34586334
22	1023643834	4/28/2026	5/15/2026	5/12/2026	64920	PL	F26 FTW MAY	105	E11	1104541D017.115	Adrenaline GTS 25	FTW	195394877588	9	408	28	50	1400	34586334
22	1023643834	4/28/2026	5/15/2026	5/12/2026	64920	PL	F26 FTW MAY	105	E11	1104541D017.120	Adrenaline GTS 25	FTW	195394877595	10	408	18	50	900	34586334
22	1023643834	4/28/2026	5/15/2026	5/12/2026	64920	PL	F26 FTW MAY	105	E11	1104541D017.125	Adrenaline GTS 25	FTW	195394877601	11	408	13	50	650	34586334
22	1023643834	4/28/2026	5/15/2026	5/12/2026	64920	PL	F26 FTW MAY	105	E11	1104541D017.130	Adrenaline GTS 25	FTW	195394877618	12	408	10	50	500	34586334
22	1023643834	4/28/2026	5/15/2026	5/12/2026	64920	PL	F26 FTW MAY	105	E11	1104541D017.140	Adrenaline GTS 25	FTW	195394877625	13	408	4	50	200	34586334
22	1023643834	4/28/2026	5/15/2026	5/12/2026	64920	PL	F26 FTW MAY	105	E11	1104541D017.150	Adrenaline GTS 25	FTW	195394877632	14	408	1	50	50	34586334
22	1023643834	4/28/2026	5/15/2026	5/12/2026	64920	PL	F26 FTW MAY	105	E11	1104541D020.090	Adrenaline GTS 25	FTW	195394662269	15	408	1	50	50	34586334
22	1023643834	4/28/2026	5/15/2026	5/12/2026	64920	PL	F26 FTW MAY	105	E11	1104541D020.095	Adrenaline GTS 25	FTW	195394662306	16	408	1	50	50	34586334
22	1023643834	4/28/2026	5/15/2026	5/12/2026	64920	PL	F26 FTW MAY	105	E11	1104541D020.100	Adrenaline GTS 25	FTW	195394662344	17	408	1	50	50	34586334
22	1023643834	4/28/2026	5/15/2026	5/12/2026	64920	PL	F26 FTW MAY	105	E11	1104541D020.105	Adrenaline GTS 25	FTW	195394662382	18	408	1	50	50	34586334
22	1023643834	4/28/2026	5/15/2026	5/12/2026	64920	PL	F26 FTW MAY	105	E11	1104541D020.110	Adrenaline GTS 25	FTW	195394662429	19	408	1	50	50	34586334
22	1023643834	4/28/2026	5/15/2026	5/12/2026	64920	PL	F26 FTW MAY	105	E11	1104541D020.115	Adrenaline GTS 25	FTW	195394662467	20	408	1	50	50	34586334
22	1023643834	4/28/2026	5/15/2026	5/12/2026	64920	PL	F26 FTW MAY	105	E11	1104541D020.120	Adrenaline GTS 25	FTW	195394662504	21	408	1	50	50	34586334
22	1023643834	4/28/2026	5/15/2026	5/12/2026	64920	PL	F26 FTW MAY	105	E11	1104541D020.125	Adrenaline GTS 25	FTW	195394662542	22	408	1	50	50	34586334
22	1023643834	4/28/2026	5/15/2026	5/12/2026	64920	PL	F26 FTW MAY	105	E11	1104541D151.090	Adrenaline GTS 25	FTW	195394877878	23	408	1	50	50	34586334
22	1023643834	4/28/2026	5/15/2026	5/12/2026	64920	PL	F26 FTW MAY	105	E11	1104541D151.095	Adrenaline GTS 25	FTW	195394877892	24	408	1	50	50	34586334
22	1023643834	4/28/2026	5/15/2026	5/12/2026	64920	PL	F26 FTW MAY	105	E11	1104541D151.100	Adrenaline GTS 25	FTW	195394877915	25	408	1	50	50	34586334
22	1023643834	4/28/2026	5/15/2026	5/12/2026	64920	PL	F26 FTW MAY	105	E11	1104541D151.105	Adrenaline GTS 25	FTW	195394877939	26	408	1	50	50	34586334
22	1023643834	4/28/2026	5/15/2026	5/12/2026	64920	PL	F26 FTW MAY	105	E11	1104541D151.110	Adrenaline GTS 25	FTW	195394877953	27	408	1	50	50	34586334
22	1023643834	4/28/2026	5/15/2026	5/12/2026	64920	PL	F26 FTW MAY	105	E11	1104541D151.115	Adrenaline GTS 25	FTW	195394877977	28	408	1	50	50	34586334
22	1023643834	4/28/2026	5/15/2026	5/12/2026	64920	PL	F26 FTW MAY	105	E11	1204431B530.075	Adrenaline GTS 25	FTW	195394878745	29	408	1	50	50	34586334
22	1023643834	4/28/2026	5/15/2026	5/12/2026	64920	PL	F26 FTW MAY	105	E11	1204431B530.080	Adrenaline GTS 25	FTW	195394878752	30	408	1	50	50	34586334
22	1023643834	4/28/2026	5/15/2026	5/12/2026	64920	PL	F26 FTW MAY	105	E11	1204431B530.085	Adrenaline GTS 25	FTW	195394878769	31	408	1	50	50	34586334
22	1023643834	4/28/2026	5/15/2026	5/12/2026	64920	PL	F26 FTW MAY	105	E11	1204431B530.090	Adrenaline GTS 25	FTW	195394878776	32	408	1	50	50	34586334
22	1023643834	4/28/2026	5/15/2026	5/12/2026	64920	PL	F26 FTW MAY	105	E11	1204431B530.095	Adrenaline GTS 25	FTW	195394878783	33	408	1	50	50	34586334
22	1023643834	4/28/2026	5/15/2026	5/12/2026	64920	PL	F26 FTW MAY	105	E11	1204431B530.100	Adrenaline GTS 25	FTW	195394878790	34	408	1	50	50	34586334
22	1023643834	4/28/2026	5/15/2026	5/12/2026	64920	PL	F26 FTW MAY	105	E11	1204771B030.070	Cascadia 20 GTX	FTW	195394880649	35	408	1	69	69	34586334
22	1023643834	4/28/2026	5/15/2026	5/12/2026	64920	PL	F26 FTW MAY	105	E11	1204771B030.075	Cascadia 20 GTX	FTW	195394880656	36	408	1	69	69	34586334
22	1023643834	4/28/2026	5/15/2026	5/12/2026	64920	PL	F26 FTW MAY	105	E11	1204771B030.080	Cascadia 20 GTX	FTW	195394880663	37	408	1	69	69	34586334
22	1023643834	4/28/2026	5/15/2026	5/12/2026	64920	PL	F26 FTW MAY	105	E11	1204771B030.085	Cascadia 20 GTX	FTW	195394880670	38	408	1	69	69	34586334
22	1023643834	4/28/2026	5/15/2026	5/12/2026	64920	PL	F26 FTW MAY	105	E11	1204771B030.090	Cascadia 20 GTX	FTW	195394880687	39	408	1	69	69	34586334
22	1023643834	4/28/2026	5/15/2026	5/12/2026	64920	PL	F26 FTW MAY	105	E11	1000551D116.085	Cascadia Elite	FTW	195394819519	40	408	3	112,2	336,6	34586334
22	1023643834	4/28/2026	5/15/2026	5/12/2026	64920	PL	F26 FTW MAY	105	E11	1000551D116.090	Cascadia Elite	FTW	195394819526	41	408	6	112,2	673,2	34586334
22	1023643834	4/28/2026	5/15/2026	5/12/2026	64920	PL	F26 FTW MAY	105	E11	1000551D116.095	Cascadia Elite	FTW	195394819533	42	408	6	112,2	673,2	34586334
22	1023643834	4/28/2026	5/15/2026	5/12/2026	64920	PL	F26 FTW MAY	105	E11	1000551D116.100	Cascadia Elite	FTW	195394819540	43	408	9	112,2	1009,8	34586334
22	1023643834	4/28/2026	5/15/2026	5/12/2026	64920	PL	F26 FTW MAY	105	E11	1000551D116.105	Cascadia Elite	FTW	195394819557	44	408	9	112,2	1009,8	34586334
22	1023643834	4/28/2026	5/15/2026	5/12/2026	64920	PL	F26 FTW MAY	105	E11	1000551D116.110	Cascadia Elite	FTW	195394819564	45	408	9	112,2	1009,8	34586334
22	1023643834	4/28/2026	5/15/2026	5/12/2026	64920	PL	F26 FTW MAY	105	E11	1000551D116.115	Cascadia Elite	FTW	195394819571	46	408	6	112,2	673,2	34586334
22	1023643834	4/28/2026	5/15/2026	5/12/2026	64920	PL	F26 FTW MAY	105	E11	1000551D116.120	Cascadia Elite	FTW	195394819588	47	408	3	112,2	336,6	34586334
22	1023643834	4/28/2026	5/15/2026	5/12/2026	64920	PL	F26 FTW MAY	105	E11	1104931B172.080	Ghost 18	FTW	195394909098	48	408	2	47,3	94,6	34586334
22	1023643834	4/28/2026	5/15/2026	5/12/2026	64920	PL	F26 FTW MAY	105	E11	1104931B172.085	Ghost 18	FTW	195394909104	49	408	5	47,3	236,5	34586334
22	1023643834	4/28/2026	5/15/2026	5/12/2026	64920	PL	F26 FTW MAY	105	E11	1104931B172.090	Ghost 18	FTW	195394909111	50	408	10	47,3	473	34586334
22	1023643834	4/28/2026	5/15/2026	5/12/2026	64920	PL	F26 FTW MAY	105	E11	1104931B172.095	Ghost 18	FTW	195394909128	51	408	10	47,3	473	34586334
22	1023643834	4/28/2026	5/15/2026	5/12/2026	64920	PL	F26 FTW MAY	105	E11	1104931B172.100	Ghost 18	FTW	195394909135	52	408	10	47,3	473	34586334
22	1023643834	4/28/2026	5/15/2026	5/12/2026	64920	PL	F26 FTW MAY	105	E11	1104931B172.105	Ghost 18	FTW	195394909142	53	408	10	47,3	473	34586334
22	1023643834	4/28/2026	5/15/2026	5/12/2026	64920	PL	F26 FTW MAY	105	E11	1104931B172.110	Ghost 18	FTW	195394909159	54	408	10	47,3	473	34586334
22	1023643834	4/28/2026	5/15/2026	5/12/2026	64920	PL	F26 FTW MAY	105	E11	1104931B172.115	Ghost 18	FTW	195394909166	55	408	3	47,3	141,9	34586334
22	1023643834	4/28/2026	5/15/2026	5/12/2026	64920	PL	F26 FTW MAY	105	E11	1104931B172.120	Ghost 18	FTW	195394909173	56	408	2	47,3	94,6	34586334
22	1023643834	4/28/2026	5/15/2026	5/12/2026	64920	PL	F26 FTW MAY	105	E11	1104931D020.075	Ghost 18	FTW	195394868432	57	408	1	47,3	47,3	34586334
22	1023643834	4/28/2026	5/15/2026	5/12/2026	64920	PL	F26 FTW MAY	105	E11	1104931D020.080	Ghost 18	FTW	195394868456	58	408	1	47,3	47,3	34586334
22	1023643834	4/28/2026	5/15/2026	5/12/2026	64920	PL	F26 FTW MAY	105	E11	1104931D020.085	Ghost 18	FTW	195394868470	59	408	1	47,3	47,3	34586334
22	1023643834	4/28/2026	5/15/2026	5/12/2026	64920	PL	F26 FTW MAY	105	E11	1104931D020.090	Ghost 18	FTW	195394868494	60	408	3	47,3	141,9	34586334
22	1023643834	4/28/2026	5/15/2026	5/12/2026	64920	PL	F26 FTW MAY	105	E11	1104931D020.095	Ghost 18	FTW	195394868517	61	408	4	47,3	189,2	34586334
22	1023643834	4/28/2026	5/15/2026	5/12/2026	64920	PL	F26 FTW MAY	105	E11	1104931D020.100	Ghost 18	FTW	195394868531	62	408	4	47,3	189,2	34586334
22	1023643834	4/28/2026	5/15/2026	5/12/2026	64920	PL	F26 FTW MAY	105	E11	1104931D020.105	Ghost 18	FTW	195394868555	63	408	4	47,3	189,2	34586334
22	1023643834	4/28/2026	5/15/2026	5/12/2026	64920	PL	F26 FTW MAY	105	E11	1104931D020.110	Ghost 18	FTW	195394868579	64	408	4	47,3	189,2	34586334
22	1023643834	4/28/2026	5/15/2026	5/12/2026	64920	PL	F26 FTW MAY	105	E11	1104931D020.115	Ghost 18	FTW	195394868593	65	408	4	47,3	189,2	34586334
22	1023643834	4/28/2026	5/15/2026	5/12/2026	64920	PL	F26 FTW MAY	105	E11	1104931D020.120	Ghost 18	FTW	195394868616	66	408	3	47,3	141,9	34586334
22	1023643834	4/28/2026	5/15/2026	5/12/2026	64920	PL	F26 FTW MAY	105	E11	1104931D020.125	Ghost 18	FTW	195394868630	67	408	2	47,3	94,6	34586334
22	1023643834	4/28/2026	5/15/2026	5/12/2026	64920	PL	F26 FTW MAY	105	E11	1104931D020.130	Ghost 18	FTW	195394868654	68	408	2	47,3	94,6	34586334
22	1023643834	4/28/2026	5/15/2026	5/12/2026	64920	PL	F26 FTW MAY	105	E11	1104931D090.090	Ghost 18	FTW	195394869132	69	408	1	47,3	47,3	34586334
22	1023643834	4/28/2026	5/15/2026	5/12/2026	64920	PL	F26 FTW MAY	105	E11	1104931D090.095	Ghost 18	FTW	195394869163	70	408	1	47,3	47,3	34586334
22	1023643834	4/28/2026	5/15/2026	5/12/2026	64920	PL	F26 FTW MAY	105	E11	1104931D090.100	Ghost 18	FTW	195394869194	71	408	1	47,3	47,3	34586334
22	1023643834	4/28/2026	5/15/2026	5/12/2026	64920	PL	F26 FTW MAY	105	E11	1104931D090.105	Ghost 18	FTW	195394869224	72	408	1	47,3	47,3	34586334
22	1023643834	4/28/2026	5/15/2026	5/12/2026	64920	PL	F26 FTW MAY	105	E11	1104931D090.110	Ghost 18	FTW	195394869255	73	408	1	47,3	47,3	34586334
22	1023643834	4/28/2026	5/15/2026	5/12/2026	64920	PL	F26 FTW MAY	105	E11	1104931D090.115	Ghost 18	FTW	195394869286	74	408	1	47,3	47,3	34586334
22	1023643834	4/28/2026	5/15/2026	5/12/2026	64920	PL	F26 FTW MAY	105	E11	1104931D090.120	Ghost 18	FTW	195394869316	75	408	1	47,3	47,3	34586334
22	1023643834	4/28/2026	5/15/2026	5/12/2026	64920	PL	F26 FTW MAY	105	E11	1104931D090.125	Ghost 18	FTW	195394869347	76	408	1	47,3	47,3	34586334
22	1023643834	4/28/2026	5/15/2026	5/12/2026	64920	PL	F26 FTW MAY	105	E11	1104931D090.130	Ghost 18	FTW	195394869378	77	408	1	47,3	47,3	34586334
22	1023643834	4/28/2026	5/15/2026	5/12/2026	64920	PL	F26 FTW MAY	105	E11	1104931D172.075	Ghost 18	FTW	195394869781	78	408	2	47,3	94,6	34586334
22	1023643834	4/28/2026	5/15/2026	5/12/2026	64920	PL	F26 FTW MAY	105	E11	1104931D172.080	Ghost 18	FTW	195394869804	79	408	3	47,3	141,9	34586334
22	1023643834	4/28/2026	5/15/2026	5/12/2026	64920	PL	F26 FTW MAY	105	E11	1104931D172.085	Ghost 18	FTW	195394869828	80	408	4	47,3	189,2	34586334
22	1023643834	4/28/2026	5/15/2026	5/12/2026	64920	PL	F26 FTW MAY	105	E11	1104931D172.090	Ghost 18	FTW	195394869842	81	408	7	47,3	331,1	34586334
22	1023643834	4/28/2026	5/15/2026	5/12/2026	64920	PL	F26 FTW MAY	105	E11	1104931D172.095	Ghost 18	FTW	195394869866	82	408	10	47,3	473	34586334
22	1023643834	4/28/2026	5/15/2026	5/12/2026	64920	PL	F26 FTW MAY	105	E11	1104931D172.100	Ghost 18	FTW	195394869880	83	408	9	47,3	425,7	34586334
22	1023643834	4/28/2026	5/15/2026	5/12/2026	64920	PL	F26 FTW MAY	105	E11	1104931D172.105	Ghost 18	FTW	195394869903	84	408	8	47,3	378,4	34586334
22	1023643834	4/28/2026	5/15/2026	5/12/2026	64920	PL	F26 FTW MAY	105	E11	1104931D172.110	Ghost 18	FTW	195394869927	85	408	7	47,3	331,1	34586334
22	1023643834	4/28/2026	5/15/2026	5/12/2026	64920	PL	F26 FTW MAY	105	E11	1104931D172.115	Ghost 18	FTW	195394869941	86	408	6	47,3	283,8	34586334
22	1023643834	4/28/2026	5/15/2026	5/12/2026	64920	PL	F26 FTW MAY	105	E11	1104931D172.120	Ghost 18	FTW	195394869965	87	408	6	47,3	283,8	34586334
22	1023643834	4/28/2026	5/15/2026	5/12/2026	64920	PL	F26 FTW MAY	105	E11	1104931D172.125	Ghost 18	FTW	195394869989	88	408	4	47,3	189,2	34586334
22	1023643834	4/28/2026	5/15/2026	5/12/2026	64920	PL	F26 FTW MAY	105	E11	1104931D172.130	Ghost 18	FTW	195394870008	89	408	2	47,3	94,6	34586334
22	1023643834	4/28/2026	5/15/2026	5/12/2026	64920	PL	F26 FTW MAY	105	E11	1104931D281.085	Ghost 18	FTW	195394870695	90	408	1	47,3	47,3	34586334
22	1023643834	4/28/2026	5/15/2026	5/12/2026	64920	PL	F26 FTW MAY	105	E11	1104931D281.090	Ghost 18	FTW	195394870701	91	408	1	47,3	47,3	34586334
22	1023643834	4/28/2026	5/15/2026	5/12/2026	64920	PL	F26 FTW MAY	105	E11	1104931D281.095	Ghost 18	FTW	195394870718	92	408	2	47,3	94,6	34586334
22	1023643834	4/28/2026	5/15/2026	5/12/2026	64920	PL	F26 FTW MAY	105	E11	1104931D281.100	Ghost 18	FTW	195394870725	93	408	2	47,3	94,6	34586334
22	1023643834	4/28/2026	5/15/2026	5/12/2026	64920	PL	F26 FTW MAY	105	E11	1104931D281.105	Ghost 18	FTW	195394870732	94	408	2	47,3	94,6	34586334
22	1023643834	4/28/2026	5/15/2026	5/12/2026	64920	PL	F26 FTW MAY	105	E11	1104931D281.110	Ghost 18	FTW	195394870749	95	408	2	47,3	94,6	34586334
22	1023643834	4/28/2026	5/15/2026	5/12/2026	64920	PL	F26 FTW MAY	105	E11	1104931D281.115	Ghost 18	FTW	195394870756	96	408	1	47,3	47,3	34586334
22	1023643834	4/28/2026	5/15/2026	5/12/2026	64920	PL	F26 FTW MAY	105	E11	1104931D281.120	Ghost 18	FTW	195394870763	97	408	1	47,3	47,3	34586334
22	1023643834	4/28/2026	5/15/2026	5/12/2026	64920	PL	F26 FTW MAY	105	E11	1104931D281.125	Ghost 18	FTW	195394870770	98	408	1	47,3	47,3	34586334
22	1023643834	4/28/2026	5/15/2026	5/12/2026	64920	PL	F26 FTW MAY	105	E11	1104931D429.075	Ghost 18	FTW	195394870978	99	408	2	47,3	94,6	34586334
22	1023643834	4/28/2026	5/15/2026	5/12/2026	64920	PL	F26 FTW MAY	105	E11	1104931D429.080	Ghost 18	FTW	195394870985	100	408	2	47,3	94,6	34586334
22	1023643834	4/28/2026	5/15/2026	5/12/2026	64920	PL	F26 FTW MAY	105	E11	1104931D429.085	Ghost 18	FTW	195394870992	101	408	2	47,3	94,6	34586334
22	1023643834	4/28/2026	5/15/2026	5/12/2026	64920	PL	F26 FTW MAY	105	E11	1104931D429.090	Ghost 18	FTW	195394871005	102	408	3	47,3	141,9	34586334
22	1023643834	4/28/2026	5/15/2026	5/12/2026	64920	PL	F26 FTW MAY	105	E11	1104931D429.095	Ghost 18	FTW	195394871012	103	408	4	47,3	189,2	34586334
22	1023643834	4/28/2026	5/15/2026	5/12/2026	64920	PL	F26 FTW MAY	105	E11	1104931D429.100	Ghost 18	FTW	195394871029	104	408	3	47,3	141,9	34586334
22	1023643834	4/28/2026	5/15/2026	5/12/2026	64920	PL	F26 FTW MAY	105	E11	1104931D429.105	Ghost 18	FTW	195394871036	105	408	3	47,3	141,9	34586334
22	1023643834	4/28/2026	5/15/2026	5/12/2026	64920	PL	F26 FTW MAY	105	E11	1104931D429.110	Ghost 18	FTW	195394871043	106	408	3	47,3	141,9	34586334
22	1023643834	4/28/2026	5/15/2026	5/12/2026	64920	PL	F26 FTW MAY	105	E11	1104931D429.115	Ghost 18	FTW	195394871050	107	408	3	47,3	141,9	34586334
22	1023643834	4/28/2026	5/15/2026	5/12/2026	64920	PL	F26 FTW MAY	105	E11	1104931D429.120	Ghost 18	FTW	195394871067	108	408	3	47,3	141,9	34586334
22	1023643834	4/28/2026	5/15/2026	5/12/2026	64920	PL	F26 FTW MAY	105	E11	1104931D429.125	Ghost 18	FTW	195394871074	109	408	2	47,3	94,6	34586334
22	1023643834	4/28/2026	5/15/2026	5/12/2026	64920	PL	F26 FTW MAY	105	E11	1104931D429.130	Ghost 18	FTW	195394871081	110	408	2	47,3	94,6	34586334
22	1023643834	4/28/2026	5/15/2026	5/12/2026	64920	PL	F26 FTW MAY	105	E11	1104931D429.140	Ghost 18	FTW	195394871098	111	408	1	47,3	47,3	34586334
22	1023643834	4/28/2026	5/15/2026	5/12/2026	64920	PL	F26 FTW MAY	105	E11	1104931D846.075	Ghost 18	FTW	195394871272	112	408	2	47,3	94,6	34586334
22	1023643834	4/28/2026	5/15/2026	5/12/2026	64920	PL	F26 FTW MAY	105	E11	1104931D846.080	Ghost 18	FTW	195394871289	113	408	3	47,3	141,9	34586334
22	1023643834	4/28/2026	5/15/2026	5/12/2026	64920	PL	F26 FTW MAY	105	E11	1104931D846.085	Ghost 18	FTW	195394871296	114	408	4	47,3	189,2	34586334
22	1023643834	4/28/2026	5/15/2026	5/12/2026	64920	PL	F26 FTW MAY	105	E11	1104931D846.090	Ghost 18	FTW	195394871302	115	408	8	47,3	378,4	34586334
22	1023643834	4/28/2026	5/15/2026	5/12/2026	64920	PL	F26 FTW MAY	105	E11	1104931D846.095	Ghost 18	FTW	195394871319	116	408	10	47,3	473	34586334
22	1023643834	4/28/2026	5/15/2026	5/12/2026	64920	PL	F26 FTW MAY	105	E11	1104931D846.100	Ghost 18	FTW	195394871326	117	408	8	47,3	378,4	34586334
22	1023643834	4/28/2026	5/15/2026	5/12/2026	64920	PL	F26 FTW MAY	105	E11	1104931D846.105	Ghost 18	FTW	195394871333	118	408	8	47,3	378,4	34586334
22	1023643834	4/28/2026	5/15/2026	5/12/2026	64920	PL	F26 FTW MAY	105	E11	1104931D846.110	Ghost 18	FTW	195394871340	119	408	8	47,3	378,4	34586334
22	1023643834	4/28/2026	5/15/2026	5/12/2026	64920	PL	F26 FTW MAY	105	E11	1104931D846.115	Ghost 18	FTW	195394871357	120	408	7	47,3	331,1	34586334
22	1023643834	4/28/2026	5/15/2026	5/12/2026	64920	PL	F26 FTW MAY	105	E11	1104931D846.120	Ghost 18	FTW	195394871364	121	408	7	47,3	331,1	34586334
22	1023643834	4/28/2026	5/15/2026	5/12/2026	64920	PL	F26 FTW MAY	105	E11	1104931D846.125	Ghost 18	FTW	195394871371	122	408	5	47,3	236,5	34586334
22	1023643834	4/28/2026	5/15/2026	5/12/2026	64920	PL	F26 FTW MAY	105	E11	1104931D846.130	Ghost 18	FTW	195394871388	123	408	2	47,3	94,6	34586334
22	1023643834	4/28/2026	5/15/2026	5/12/2026	64920	PL	F26 FTW MAY	105	E11	1104932E020.080	Ghost 18	FTW	195394868463	124	408	1	47,3	47,3	34586334
22	1023643834	4/28/2026	5/15/2026	5/12/2026	64920	PL	F26 FTW MAY	105	E11	1104932E020.085	Ghost 18	FTW	195394868487	125	408	1	47,3	47,3	34586334
22	1023643834	4/28/2026	5/15/2026	5/12/2026	64920	PL	F26 FTW MAY	105	E11	1104932E020.090	Ghost 18	FTW	195394868500	126	408	1	47,3	47,3	34586334
22	1023643834	4/28/2026	5/15/2026	5/12/2026	64920	PL	F26 FTW MAY	105	E11	1104932E020.095	Ghost 18	FTW	195394868524	127	408	1	47,3	47,3	34586334
22	1023643834	4/28/2026	5/15/2026	5/12/2026	64920	PL	F26 FTW MAY	105	E11	1104932E020.100	Ghost 18	FTW	195394868548	128	408	1	47,3	47,3	34586334
22	1023643834	4/28/2026	5/15/2026	5/12/2026	64920	PL	F26 FTW MAY	105	E11	1104932E020.105	Ghost 18	FTW	195394868562	129	408	1	47,3	47,3	34586334
22	1023643834	4/28/2026	5/15/2026	5/12/2026	64920	PL	F26 FTW MAY	105	E11	1104932E020.110	Ghost 18	FTW	195394868586	130	408	1	47,3	47,3	34586334
22	1023643834	4/28/2026	5/15/2026	5/12/2026	64920	PL	F26 FTW MAY	105	E11	1104932E020.115	Ghost 18	FTW	195394868609	131	408	1	47,3	47,3	34586334
22	1023643834	4/28/2026	5/15/2026	5/12/2026	64920	PL	F26 FTW MAY	105	E11	1104932E020.120	Ghost 18	FTW	195394868623	132	408	1	47,3	47,3	34586334
22	1023643834	4/28/2026	5/15/2026	5/12/2026	64920	PL	F26 FTW MAY	105	E11	1104932E172.085	Ghost 18	FTW	195394869835	133	408	1	47,3	47,3	34586334
22	1023643834	4/28/2026	5/15/2026	5/12/2026	64920	PL	F26 FTW MAY	105	E11	1104932E172.090	Ghost 18	FTW	195394869859	134	408	1	47,3	47,3	34586334
22	1023643834	4/28/2026	5/15/2026	5/12/2026	64920	PL	F26 FTW MAY	105	E11	1104932E172.095	Ghost 18	FTW	195394869873	135	408	1	47,3	47,3	34586334
22	1023643834	4/28/2026	5/15/2026	5/12/2026	64920	PL	F26 FTW MAY	105	E11	1104932E172.100	Ghost 18	FTW	195394869897	136	408	1	47,3	47,3	34586334
22	1023643834	4/28/2026	5/15/2026	5/12/2026	64920	PL	F26 FTW MAY	105	E11	1104932E172.105	Ghost 18	FTW	195394869910	137	408	1	47,3	47,3	34586334
22	1023643834	4/28/2026	5/15/2026	5/12/2026	64920	PL	F26 FTW MAY	105	E11	1104932E172.110	Ghost 18	FTW	195394869934	138	408	1	47,3	47,3	34586334
22	1023643834	4/28/2026	5/15/2026	5/12/2026	64920	PL	F26 FTW MAY	105	E11	1104932E172.115	Ghost 18	FTW	195394869958	139	408	1	47,3	47,3	34586334
22	1023643834	4/28/2026	5/15/2026	5/12/2026	64920	PL	F26 FTW MAY	105	E11	1104934E020.080	Ghost 18	FTW	195394908947	140	408	1	47,3	47,3	34586334
22	1023643834	4/28/2026	5/15/2026	5/12/2026	64920	PL	F26 FTW MAY	105	E11	1104934E020.085	Ghost 18	FTW	195394908954	141	408	1	47,3	47,3	34586334
22	1023643834	4/28/2026	5/15/2026	5/12/2026	64920	PL	F26 FTW MAY	105	E11	1104934E020.090	Ghost 18	FTW	195394908961	142	408	1	47,3	47,3	34586334
22	1023643834	4/28/2026	5/15/2026	5/12/2026	64920	PL	F26 FTW MAY	105	E11	1104934E020.095	Ghost 18	FTW	195394908978	143	408	1	47,3	47,3	34586334
22	1023643834	4/28/2026	5/15/2026	5/12/2026	64920	PL	F26 FTW MAY	105	E11	1104934E020.100	Ghost 18	FTW	195394908985	144	408	1	47,3	47,3	34586334
22	1023643834	4/28/2026	5/15/2026	5/12/2026	64920	PL	F26 FTW MAY	105	E11	1104934E020.105	Ghost 18	FTW	195394908992	145	408	1	47,3	47,3	34586334
22	1023643834	4/28/2026	5/15/2026	5/12/2026	64920	PL	F26 FTW MAY	105	E11	1104934E020.110	Ghost 18	FTW	195394909005	146	408	1	47,3	47,3	34586334
22	1023643834	4/28/2026	5/15/2026	5/12/2026	64920	PL	F26 FTW MAY	105	E11	1104934E020.115	Ghost 18	FTW	195394909012	147	408	1	47,3	47,3	34586334
22	1023643834	4/28/2026	5/15/2026	5/12/2026	64920	PL	F26 FTW MAY	105	E11	1204821B020.060	Ghost 18	FTW	195394871456	148	408	2	47,3	94,6	34586334
22	1023643834	4/28/2026	5/15/2026	5/12/2026	64920	PL	F26 FTW MAY	105	E11	1204821B020.065	Ghost 18	FTW	195394871470	149	408	4	47,3	189,2	34586334
22	1023643834	4/28/2026	5/15/2026	5/12/2026	64920	PL	F26 FTW MAY	105	E11	1204821B020.070	Ghost 18	FTW	195394871494	150	408	4	47,3	189,2	34586334
22	1023643834	4/28/2026	5/15/2026	5/12/2026	64920	PL	F26 FTW MAY	105	E11	1204821B020.075	Ghost 18	FTW	195394871517	151	408	6	47,3	283,8	34586334
22	1023643834	4/28/2026	5/15/2026	5/12/2026	64920	PL	F26 FTW MAY	105	E11	1204821B020.080	Ghost 18	FTW	195394871531	152	408	8	47,3	378,4	34586334
22	1023643834	4/28/2026	5/15/2026	5/12/2026	64920	PL	F26 FTW MAY	105	E11	1204821B020.085	Ghost 18	FTW	195394871555	153	408	8	47,3	378,4	34586334
22	1023643834	4/28/2026	5/15/2026	5/12/2026	64920	PL	F26 FTW MAY	105	E11	1204821B020.090	Ghost 18	FTW	195394871579	154	408	4	47,3	189,2	34586334
22	1023643834	4/28/2026	5/15/2026	5/12/2026	64920	PL	F26 FTW MAY	105	E11	1204821B020.095	Ghost 18	FTW	195394871593	155	408	2	47,3	94,6	34586334
22	1023643834	4/28/2026	5/15/2026	5/12/2026	64920	PL	F26 FTW MAY	105	E11	1204821B020.100	Ghost 18	FTW	195394871616	156	408	2	47,3	94,6	34586334
22	1023643834	4/28/2026	5/15/2026	5/12/2026	64920	PL	F26 FTW MAY	105	E11	1204821B080.060	Ghost 18	FTW	195394872873	157	408	2	47,3	94,6	34586334
22	1023643834	4/28/2026	5/15/2026	5/12/2026	64920	PL	F26 FTW MAY	105	E11	1204821B080.065	Ghost 18	FTW	195394872880	158	408	6	47,3	283,8	34586334
22	1023643834	4/28/2026	5/15/2026	5/12/2026	64920	PL	F26 FTW MAY	105	E11	1204821B080.070	Ghost 18	FTW	195394872897	159	408	7	47,3	331,1	34586334
22	1023643834	4/28/2026	5/15/2026	5/12/2026	64920	PL	F26 FTW MAY	105	E11	1204821B080.075	Ghost 18	FTW	195394872903	160	408	9	47,3	425,7	34586334
22	1023643834	4/28/2026	5/15/2026	5/12/2026	64920	PL	F26 FTW MAY	105	E11	1204821B080.080	Ghost 18	FTW	195394872910	161	408	12	47,3	567,6	34586334
22	1023643834	4/28/2026	5/15/2026	5/12/2026	64920	PL	F26 FTW MAY	105	E11	1204821B080.085	Ghost 18	FTW	195394872927	162	408	12	47,3	567,6	34586334
22	1023643834	4/28/2026	5/15/2026	5/12/2026	64920	PL	F26 FTW MAY	105	E11	1204821B080.090	Ghost 18	FTW	195394872934	163	408	8	47,3	378,4	34586334
22	1023643834	4/28/2026	5/15/2026	5/12/2026	64920	PL	F26 FTW MAY	105	E11	1204821B080.095	Ghost 18	FTW	195394872941	164	408	6	47,3	283,8	34586334
22	1023643834	4/28/2026	5/15/2026	5/12/2026	64920	PL	F26 FTW MAY	105	E11	1204821B080.100	Ghost 18	FTW	195394872958	165	408	5	47,3	236,5	34586334
22	1023643834	4/28/2026	5/15/2026	5/12/2026	64920	PL	F26 FTW MAY	105	E11	1204821B080.105	Ghost 18	FTW	195394872965	166	408	2	47,3	94,6	34586334
22	1023643834	4/28/2026	5/15/2026	5/12/2026	64920	PL	F26 FTW MAY	105	E11	1204821B161.065	Ghost 18	FTW	195394873559	167	408	1	47,3	47,3	34586334
22	1023643834	4/28/2026	5/15/2026	5/12/2026	64920	PL	F26 FTW MAY	105	E11	1204821B161.070	Ghost 18	FTW	195394873573	168	408	2	47,3	94,6	34586334
22	1023643834	4/28/2026	5/15/2026	5/12/2026	64920	PL	F26 FTW MAY	105	E11	1204821B161.075	Ghost 18	FTW	195394873597	169	408	3	47,3	141,9	34586334
22	1023643834	4/28/2026	5/15/2026	5/12/2026	64920	PL	F26 FTW MAY	105	E11	1204821B161.080	Ghost 18	FTW	195394873610	170	408	4	47,3	189,2	34586334
22	1023643834	4/28/2026	5/15/2026	5/12/2026	64920	PL	F26 FTW MAY	105	E11	1204821B161.085	Ghost 18	FTW	195394873634	171	408	4	47,3	189,2	34586334
22	1023643834	4/28/2026	5/15/2026	5/12/2026	64920	PL	F26 FTW MAY	105	E11	1204821B161.090	Ghost 18	FTW	195394873658	172	408	4	47,3	189,2	34586334
22	1023643834	4/28/2026	5/15/2026	5/12/2026	64920	PL	F26 FTW MAY	105	E11	1204821B161.095	Ghost 18	FTW	195394873672	173	408	3	47,3	141,9	34586334
22	1023643834	4/28/2026	5/15/2026	5/12/2026	64920	PL	F26 FTW MAY	105	E11	1204821B161.100	Ghost 18	FTW	195394873696	174	408	1	47,3	47,3	34586334
22	1023643834	4/28/2026	5/15/2026	5/12/2026	64920	PL	F26 FTW MAY	105	E11	1204821B584.060	Ghost 18	FTW	195394873832	175	408	2	47,3	94,6	34586334
22	1023643834	4/28/2026	5/15/2026	5/12/2026	64920	PL	F26 FTW MAY	105	E11	1204821B584.065	Ghost 18	FTW	195394873849	176	408	4	47,3	189,2	34586334
22	1023643834	4/28/2026	5/15/2026	5/12/2026	64920	PL	F26 FTW MAY	105	E11	1204821B584.070	Ghost 18	FTW	195394873856	177	408	5	47,3	236,5	34586334
22	1023643834	4/28/2026	5/15/2026	5/12/2026	64920	PL	F26 FTW MAY	105	E11	1204821B584.075	Ghost 18	FTW	195394873863	178	408	7	47,3	331,1	34586334
22	1023643834	4/28/2026	5/15/2026	5/12/2026	64920	PL	F26 FTW MAY	105	E11	1204821B584.080	Ghost 18	FTW	195394873870	179	408	9	47,3	425,7	34586334
22	1023643834	4/28/2026	5/15/2026	5/12/2026	64920	PL	F26 FTW MAY	105	E11	1204821B584.085	Ghost 18	FTW	195394873887	180	408	9	47,3	425,7	34586334
22	1023643834	4/28/2026	5/15/2026	5/12/2026	64920	PL	F26 FTW MAY	105	E11	1204821B584.090	Ghost 18	FTW	195394873894	181	408	5	47,3	236,5	34586334
22	1023643834	4/28/2026	5/15/2026	5/12/2026	64920	PL	F26 FTW MAY	105	E11	1204821B584.095	Ghost 18	FTW	195394873900	182	408	3	47,3	141,9	34586334
22	1023643834	4/28/2026	5/15/2026	5/12/2026	64920	PL	F26 FTW MAY	105	E11	1204821B584.100	Ghost 18	FTW	195394873917	183	408	2	47,3	94,6	34586334
22	1023643834	4/28/2026	5/15/2026	5/12/2026	64920	PL	F26 FTW MAY	105	E11	1204821D161.060	Ghost 18	FTW	195394873542	184	408	2	47,3	94,6	34586334
22	1023643834	4/28/2026	5/15/2026	5/12/2026	64920	PL	F26 FTW MAY	105	E11	1204821D161.065	Ghost 18	FTW	195394873566	185	408	4	47,3	189,2	34586334
22	1023643834	4/28/2026	5/15/2026	5/12/2026	64920	PL	F26 FTW MAY	105	E11	1204821D161.070	Ghost 18	FTW	195394873580	186	408	4	47,3	189,2	34586334
22	1023643834	4/28/2026	5/15/2026	5/12/2026	64920	PL	F26 FTW MAY	105	E11	1204821D161.075	Ghost 18	FTW	195394873603	187	408	6	47,3	283,8	34586334
22	1023643834	4/28/2026	5/15/2026	5/12/2026	64920	PL	F26 FTW MAY	105	E11	1204821D161.080	Ghost 18	FTW	195394873627	188	408	9	47,3	425,7	34586334
22	1023643834	4/28/2026	5/15/2026	5/12/2026	64920	PL	F26 FTW MAY	105	E11	1204821D161.085	Ghost 18	FTW	195394873641	189	408	9	47,3	425,7	34586334
22	1023643834	4/28/2026	5/15/2026	5/12/2026	64920	PL	F26 FTW MAY	105	E11	1204821D161.090	Ghost 18	FTW	195394873665	190	408	6	47,3	283,8	34586334
22	1023643834	4/28/2026	5/15/2026	5/12/2026	64920	PL	F26 FTW MAY	105	E11	1204821D161.095	Ghost 18	FTW	195394873689	191	408	4	47,3	189,2	34586334
22	1023643834	4/28/2026	5/15/2026	5/12/2026	64920	PL	F26 FTW MAY	105	E11	1204821D161.100	Ghost 18	FTW	195394873702	192	408	4	47,3	189,2	34586334
22	1023643834	4/28/2026	5/15/2026	5/12/2026	64920	PL	F26 FTW MAY	105	E11	1204821D161.105	Ghost 18	FTW	195394873726	193	408	2	47,3	94,6	34586334
22	1023643834	4/28/2026	5/15/2026	5/12/2026	64920	PL	F26 FTW MAY	105	E11	1204821D161.110	Ghost 18	FTW	195394873740	194	408	1	47,3	47,3	34586334
22	1023643834	4/28/2026	5/15/2026	5/12/2026	64920	PL	F26 FTW MAY	105	E11	1104961D004.080	Ghost Max 4	FTW	195394886191	195	408	1	51,8	51,8	34586334
22	1023643834	4/28/2026	5/15/2026	5/12/2026	64920	PL	F26 FTW MAY	105	E11	1104961D004.085	Ghost Max 4	FTW	195394886207	196	408	1	51,8	51,8	34586334
22	1023643834	4/28/2026	5/15/2026	5/12/2026	64920	PL	F26 FTW MAY	105	E11	1104961D004.090	Ghost Max 4	FTW	195394886214	197	408	1	51,8	51,8	34586334
22	1023643834	4/28/2026	5/15/2026	5/12/2026	64920	PL	F26 FTW MAY	105	E11	1104961D004.095	Ghost Max 4	FTW	195394886221	198	408	1	51,8	51,8	34586334
22	1023643834	4/28/2026	5/15/2026	5/12/2026	64920	PL	F26 FTW MAY	105	E11	1104961D004.100	Ghost Max 4	FTW	195394886238	199	408	1	51,8	51,8	34586334
22	1023643834	4/28/2026	5/15/2026	5/12/2026	64920	PL	F26 FTW MAY	105	E11	1104961D004.105	Ghost Max 4	FTW	195394886245	200	408	1	51,8	51,8	34586334
22	1023643834	4/28/2026	5/15/2026	5/12/2026	64920	PL	F26 FTW MAY	105	E11	1104961D004.110	Ghost Max 4	FTW	195394886252	201	408	1	51,8	51,8	34586334
22	1023643834	4/28/2026	5/15/2026	5/12/2026	64920	PL	F26 FTW MAY	105	E11	1104961D004.115	Ghost Max 4	FTW	195394886269	202	408	1	51,8	51,8	34586334
22	1023643834	4/28/2026	5/15/2026	5/12/2026	64920	PL	F26 FTW MAY	105	E11	1104961D004.120	Ghost Max 4	FTW	195394886276	203	408	1	51,8	51,8	34586334
22	1023643834	4/28/2026	5/15/2026	5/12/2026	64920	PL	F26 FTW MAY	105	E11	1104961D004.125	Ghost Max 4	FTW	195394886283	204	408	1	51,8	51,8	34586334
22	1023643834	4/28/2026	5/15/2026	5/12/2026	64920	PL	F26 FTW MAY	105	E11	1104961D004.130	Ghost Max 4	FTW	195394886290	205	408	1	51,8	51,8	34586334
22	1023643834	4/28/2026	5/15/2026	5/12/2026	64920	PL	F26 FTW MAY	105	E11	1104961D004.140	Ghost Max 4	FTW	195394886306	206	408	1	51,8	51,8	34586334
22	1023643834	4/28/2026	5/15/2026	5/12/2026	64920	PL	F26 FTW MAY	105	E11	1104961D162.085	Ghost Max 4	FTW	195394887013	207	408	1	51,8	51,8	34586334
22	1023643834	4/28/2026	5/15/2026	5/12/2026	64920	PL	F26 FTW MAY	105	E11	1104961D162.090	Ghost Max 4	FTW	195394887044	208	408	1	51,8	51,8	34586334
22	1023643834	4/28/2026	5/15/2026	5/12/2026	64920	PL	F26 FTW MAY	105	E11	1104961D162.095	Ghost Max 4	FTW	195394887075	209	408	1	51,8	51,8	34586334
22	1023643834	4/28/2026	5/15/2026	5/12/2026	64920	PL	F26 FTW MAY	105	E11	1104961D162.100	Ghost Max 4	FTW	195394887105	210	408	1	51,8	51,8	34586334
22	1023643834	4/28/2026	5/15/2026	5/12/2026	64920	PL	F26 FTW MAY	105	E11	1104961D162.105	Ghost Max 4	FTW	195394887136	211	408	1	51,8	51,8	34586334
22	1023643834	4/28/2026	5/15/2026	5/12/2026	64920	PL	F26 FTW MAY	105	E11	1104961D162.110	Ghost Max 4	FTW	195394887167	212	408	1	51,8	51,8	34586334
22	1023643834	4/28/2026	5/15/2026	5/12/2026	64920	PL	F26 FTW MAY	105	E11	1104961D162.115	Ghost Max 4	FTW	195394887198	213	408	1	51,8	51,8	34586334
22	1023643834	4/28/2026	5/15/2026	5/12/2026	64920	PL	F26 FTW MAY	105	E11	1104961D162.120	Ghost Max 4	FTW	195394887228	214	408	1	51,8	51,8	34586334
22	1023643834	4/28/2026	5/15/2026	5/12/2026	64920	PL	F26 FTW MAY	105	E11	1104961D162.125	Ghost Max 4	FTW	195394887259	215	408	1	51,8	51,8	34586334
22	1023643834	4/28/2026	5/15/2026	5/12/2026	64920	PL	F26 FTW MAY	105	E11	1104961D452.080	Ghost Max 4	FTW	195394887396	216	408	1	51,8	51,8	34586334
22	1023643834	4/28/2026	5/15/2026	5/12/2026	64920	PL	F26 FTW MAY	105	E11	1104961D452.085	Ghost Max 4	FTW	195394887402	217	408	1	51,8	51,8	34586334
22	1023643834	4/28/2026	5/15/2026	5/12/2026	64920	PL	F26 FTW MAY	105	E11	1104961D452.090	Ghost Max 4	FTW	195394887419	218	408	1	51,8	51,8	34586334
22	1023643834	4/28/2026	5/15/2026	5/12/2026	64920	PL	F26 FTW MAY	105	E11	1104961D452.095	Ghost Max 4	FTW	195394887426	219	408	1	51,8	51,8	34586334
22	1023643834	4/28/2026	5/15/2026	5/12/2026	64920	PL	F26 FTW MAY	105	E11	1104961D452.100	Ghost Max 4	FTW	195394887433	220	408	1	51,8	51,8	34586334
22	1023643834	4/28/2026	5/15/2026	5/12/2026	64920	PL	F26 FTW MAY	105	E11	1104961D452.105	Ghost Max 4	FTW	195394887440	221	408	1	51,8	51,8	34586334
22	1023643834	4/28/2026	5/15/2026	5/12/2026	64920	PL	F26 FTW MAY	105	E11	1104961D452.110	Ghost Max 4	FTW	195394887457	222	408	1	51,8	51,8	34586334
22	1023643834	4/28/2026	5/15/2026	5/12/2026	64920	PL	F26 FTW MAY	105	E11	1104961D452.115	Ghost Max 4	FTW	195394887464	223	408	1	51,8	51,8	34586334
22	1023643834	4/28/2026	5/15/2026	5/12/2026	64920	PL	F26 FTW MAY	105	E11	1104961D452.120	Ghost Max 4	FTW	195394887471	224	408	1	51,8	51,8	34586334
22	1023643834	4/28/2026	5/15/2026	5/12/2026	64920	PL	F26 FTW MAY	105	E11	1104961D452.125	Ghost Max 4	FTW	195394887488	225	408	1	51,8	51,8	34586334
22	1023643834	4/28/2026	5/15/2026	5/12/2026	64920	PL	F26 FTW MAY	105	E11	1104961D452.130	Ghost Max 4	FTW	195394887495	226	408	1	51,8	51,8	34586334
22	1023643834	4/28/2026	5/15/2026	5/12/2026	64920	PL	F26 FTW MAY	105	E11	1104961D452.140	Ghost Max 4	FTW	195394887501	227	408	1	51,8	51,8	34586334
22	1023643834	4/28/2026	5/15/2026	5/12/2026	64920	PL	F26 FTW MAY	105	E11	1104962E162.080	Ghost Max 4	FTW	195394886993	228	408	1	51,8	51,8	34586334
22	1023643834	4/28/2026	5/15/2026	5/12/2026	64920	PL	F26 FTW MAY	105	E11	1104962E162.085	Ghost Max 4	FTW	195394887020	229	408	1	51,8	51,8	34586334
22	1023643834	4/28/2026	5/15/2026	5/12/2026	64920	PL	F26 FTW MAY	105	E11	1104962E162.090	Ghost Max 4	FTW	195394887051	230	408	1	51,8	51,8	34586334
22	1023643834	4/28/2026	5/15/2026	5/12/2026	64920	PL	F26 FTW MAY	105	E11	1104962E162.095	Ghost Max 4	FTW	195394887082	231	408	1	51,8	51,8	34586334
22	1023643834	4/28/2026	5/15/2026	5/12/2026	64920	PL	F26 FTW MAY	105	E11	1104962E162.100	Ghost Max 4	FTW	195394887112	232	408	1	51,8	51,8	34586334
22	1023643834	4/28/2026	5/15/2026	5/12/2026	64920	PL	F26 FTW MAY	105	E11	1104962E162.105	Ghost Max 4	FTW	195394887143	233	408	1	51,8	51,8	34586334
22	1023643834	4/28/2026	5/15/2026	5/12/2026	64920	PL	F26 FTW MAY	105	E11	1104962E162.110	Ghost Max 4	FTW	195394887174	234	408	1	51,8	51,8	34586334
22	1023643834	4/28/2026	5/15/2026	5/12/2026	64920	PL	F26 FTW MAY	105	E11	1104962E162.115	Ghost Max 4	FTW	195394887204	235	408	1	51,8	51,8	34586334
22	1023643834	4/28/2026	5/15/2026	5/12/2026	64920	PL	F26 FTW MAY	105	E11	1104962E162.120	Ghost Max 4	FTW	195394887235	236	408	1	51,8	51,8	34586334
22	1023643834	4/28/2026	5/15/2026	5/12/2026	64920	PL	F26 FTW MAY	105	E11	1204851B173.070	Ghost Max 4	FTW	195394889376	237	408	1	51,8	51,8	34586334
22	1023643834	4/28/2026	5/15/2026	5/12/2026	64920	PL	F26 FTW MAY	105	E11	1204851B173.075	Ghost Max 4	FTW	195394889406	238	408	1	51,8	51,8	34586334
22	1023643834	4/28/2026	5/15/2026	5/12/2026	64920	PL	F26 FTW MAY	105	E11	1204851B173.080	Ghost Max 4	FTW	195394889437	239	408	1	51,8	51,8	34586334
22	1023643834	4/28/2026	5/15/2026	5/12/2026	64920	PL	F26 FTW MAY	105	E11	1204851B173.085	Ghost Max 4	FTW	195394889468	240	408	1	51,8	51,8	34586334
22	1023643834	4/28/2026	5/15/2026	5/12/2026	64920	PL	F26 FTW MAY	105	E11	1204851B173.090	Ghost Max 4	FTW	195394889499	241	408	1	51,8	51,8	34586334
22	1023643834	4/28/2026	5/15/2026	5/12/2026	64920	PL	F26 FTW MAY	105	E11	1204851B173.095	Ghost Max 4	FTW	195394889529	242	408	1	51,8	51,8	34586334
22	1023643834	4/28/2026	5/15/2026	5/12/2026	64920	PL	F26 FTW MAY	105	E11	1104751D072.090	Ghost Trail	FTW	195394892239	243	408	9	46,7	420,3	34586334
22	1023643834	4/28/2026	5/15/2026	5/12/2026	64920	PL	F26 FTW MAY	105	E11	1104751D072.095	Ghost Trail	FTW	195394892246	244	408	14	46,7	653,8	34586334
22	1023643834	4/28/2026	5/15/2026	5/12/2026	64920	PL	F26 FTW MAY	105	E11	1104751D072.100	Ghost Trail	FTW	195394892253	245	408	22	46,7	1027,4	34586334
22	1023643834	4/28/2026	5/15/2026	5/12/2026	64920	PL	F26 FTW MAY	105	E11	1104751D072.105	Ghost Trail	FTW	195394892260	246	408	21	46,7	980,7	34586334
22	1023643834	4/28/2026	5/15/2026	5/12/2026	64920	PL	F26 FTW MAY	105	E11	1104751D072.110	Ghost Trail	FTW	195394892277	247	408	20	46,7	934	34586334
22	1023643834	4/28/2026	5/15/2026	5/12/2026	64920	PL	F26 FTW MAY	105	E11	1104751D072.115	Ghost Trail	FTW	195394892284	248	408	11	46,7	513,7	34586334
22	1023643834	4/28/2026	5/15/2026	5/12/2026	64920	PL	F26 FTW MAY	105	E11	1104751D072.120	Ghost Trail	FTW	195394892291	249	408	9	46,7	420,3	34586334
22	1023643834	4/28/2026	5/15/2026	5/12/2026	64920	PL	F26 FTW MAY	105	E11	1104751D072.125	Ghost Trail	FTW	195394892307	250	408	1	46,7	46,7	34586334
22	1023643834	4/28/2026	5/15/2026	5/12/2026	64920	PL	F26 FTW MAY	105	E11	1104751D072.130	Ghost Trail	FTW	195394892314	251	408	1	46,7	46,7	34586334
22	1023643834	4/28/2026	5/15/2026	5/12/2026	64920	PL	F26 FTW MAY	105	E11	1104751D099.080	Ghost Trail	FTW	195394892369	252	408	1	46,7	46,7	34586334
22	1023643834	4/28/2026	5/15/2026	5/12/2026	64920	PL	F26 FTW MAY	105	E11	1104751D099.085	Ghost Trail	FTW	195394892376	253	408	1	46,7	46,7	34586334
22	1023643834	4/28/2026	5/15/2026	5/12/2026	64920	PL	F26 FTW MAY	105	E11	1104751D099.090	Ghost Trail	FTW	195394892383	254	408	9	46,7	420,3	34586334
22	1023643834	4/28/2026	5/15/2026	5/12/2026	64920	PL	F26 FTW MAY	105	E11	1104751D099.095	Ghost Trail	FTW	195394892390	255	408	15	46,7	700,5	34586334
22	1023643834	4/28/2026	5/15/2026	5/12/2026	64920	PL	F26 FTW MAY	105	E11	1104751D099.100	Ghost Trail	FTW	195394892406	256	408	22	46,7	1027,4	34586334
22	1023643834	4/28/2026	5/15/2026	5/12/2026	64920	PL	F26 FTW MAY	105	E11	1104751D099.105	Ghost Trail	FTW	195394892413	257	408	21	46,7	980,7	34586334
22	1023643834	4/28/2026	5/15/2026	5/12/2026	64920	PL	F26 FTW MAY	105	E11	1104751D099.110	Ghost Trail	FTW	195394892420	258	408	20	46,7	934	34586334
22	1023643834	4/28/2026	5/15/2026	5/12/2026	64920	PL	F26 FTW MAY	105	E11	1104751D099.115	Ghost Trail	FTW	195394892437	259	408	11	46,7	513,7	34586334
22	1023643834	4/28/2026	5/15/2026	5/12/2026	64920	PL	F26 FTW MAY	105	E11	1104751D099.120	Ghost Trail	FTW	195394892444	260	408	10	46,7	467	34586334
22	1023643834	4/28/2026	5/15/2026	5/12/2026	64920	PL	F26 FTW MAY	105	E11	1104751D099.125	Ghost Trail	FTW	195394892451	261	408	2	46,7	93,4	34586334
22	1023643834	4/28/2026	5/15/2026	5/12/2026	64920	PL	F26 FTW MAY	105	E11	1104751D099.130	Ghost Trail	FTW	195394892468	262	408	1	46,7	46,7	34586334
22	1023643834	4/28/2026	5/15/2026	5/12/2026	64920	PL	F26 FTW MAY	105	E11	1104751D319.075	Ghost Trail	FTW	195394892802	263	408	2	46,7	93,4	34586334
22	1023643834	4/28/2026	5/15/2026	5/12/2026	64920	PL	F26 FTW MAY	105	E11	1104751D319.080	Ghost Trail	FTW	195394892819	264	408	4	46,7	186,8	34586334
22	1023643834	4/28/2026	5/15/2026	5/12/2026	64920	PL	F26 FTW MAY	105	E11	1104751D319.085	Ghost Trail	FTW	195394892826	265	408	4	46,7	186,8	34586334
22	1023643834	4/28/2026	5/15/2026	5/12/2026	64920	PL	F26 FTW MAY	105	E11	1104751D319.090	Ghost Trail	FTW	195394892833	266	408	9	46,7	420,3	34586334
22	1023643834	4/28/2026	5/15/2026	5/12/2026	64920	PL	F26 FTW MAY	105	E11	1104751D319.095	Ghost Trail	FTW	195394892840	267	408	9	46,7	420,3	34586334
22	1023643834	4/28/2026	5/15/2026	5/12/2026	64920	PL	F26 FTW MAY	105	E11	1104751D319.100	Ghost Trail	FTW	195394892857	268	408	9	46,7	420,3	34586334
22	1023643834	4/28/2026	5/15/2026	5/12/2026	64920	PL	F26 FTW MAY	105	E11	1104751D319.105	Ghost Trail	FTW	195394892864	269	408	9	46,7	420,3	34586334
22	1023643834	4/28/2026	5/15/2026	5/12/2026	64920	PL	F26 FTW MAY	105	E11	1104751D319.110	Ghost Trail	FTW	195394892871	270	408	4	46,7	186,8	34586334
22	1023643834	4/28/2026	5/15/2026	5/12/2026	64920	PL	F26 FTW MAY	105	E11	1204641B454.070	Ghost Trail	FTW	195394893281	271	408	2	46,7	93,4	34586334
22	1023643834	4/28/2026	5/15/2026	5/12/2026	64920	PL	F26 FTW MAY	105	E11	1204641B454.075	Ghost Trail	FTW	195394893298	272	408	4	46,7	186,8	34586334
22	1023643834	4/28/2026	5/15/2026	5/12/2026	64920	PL	F26 FTW MAY	105	E11	1204641B454.080	Ghost Trail	FTW	195394893304	273	408	4	46,7	186,8	34586334
22	1023643834	4/28/2026	5/15/2026	5/12/2026	64920	PL	F26 FTW MAY	105	E11	1204641B454.085	Ghost Trail	FTW	195394893311	274	408	9	46,7	420,3	34586334
22	1023643834	4/28/2026	5/15/2026	5/12/2026	64920	PL	F26 FTW MAY	105	E11	1204641B454.090	Ghost Trail	FTW	195394893328	275	408	9	46,7	420,3	34586334
22	1023643834	4/28/2026	5/15/2026	5/12/2026	64920	PL	F26 FTW MAY	105	E11	1204641B454.095	Ghost Trail	FTW	195394893335	276	408	9	46,7	420,3	34586334
22	1023643834	4/28/2026	5/15/2026	5/12/2026	64920	PL	F26 FTW MAY	105	E11	1204641B454.100	Ghost Trail	FTW	195394893342	277	408	9	46,7	420,3	34586334
22	1023643834	4/28/2026	5/15/2026	5/12/2026	64920	PL	F26 FTW MAY	105	E11	1204641B454.105	Ghost Trail	FTW	195394893359	278	408	4	46,7	186,8	34586334
22	1023643834	4/28/2026	5/15/2026	5/12/2026	64920	PL	F26 FTW MAY	105	E11	1204641B595.070	Ghost Trail	FTW	195394893137	279	408	1	46,7	46,7	34586334
22	1023643834	4/28/2026	5/15/2026	5/12/2026	64920	PL	F26 FTW MAY	105	E11	1204641B595.075	Ghost Trail	FTW	195394893144	280	408	1	46,7	46,7	34586334
22	1023643834	4/28/2026	5/15/2026	5/12/2026	64920	PL	F26 FTW MAY	105	E11	1204641B595.080	Ghost Trail	FTW	195394893151	281	408	1	46,7	46,7	34586334
22	1023643834	4/28/2026	5/15/2026	5/12/2026	64920	PL	F26 FTW MAY	105	E11	1204641B595.085	Ghost Trail	FTW	195394893168	282	408	1	46,7	46,7	34586334
22	1023643834	4/28/2026	5/15/2026	5/12/2026	64920	PL	F26 FTW MAY	105	E11	1204641B595.090	Ghost Trail	FTW	195394893175	283	408	1	46,7	46,7	34586334
22	1023643834	4/28/2026	5/15/2026	5/12/2026	64920	PL	F26 FTW MAY	105	E11	1204641B595.095	Ghost Trail	FTW	195394893182	284	408	1	46,7	46,7	34586334
22	1023643834	4/28/2026	5/15/2026	5/12/2026	64920	PL	F26 FTW MAY	105	E11	1204641B595.100	Ghost Trail	FTW	195394893199	285	408	1	46,7	46,7	34586334
22	1023643834	4/28/2026	5/15/2026	5/12/2026	64920	PL	F26 FTW MAY	105	E11	1104761D039.075	Glycerin 23	FTW	195394894431	286	408	1	55,3	55,3	34586334
22	1023643834	4/28/2026	5/15/2026	5/12/2026	64920	PL	F26 FTW MAY	105	E11	1104761D039.080	Glycerin 23	FTW	195394894448	287	408	4	55,3	221,2	34586334
22	1023643834	4/28/2026	5/15/2026	5/12/2026	64920	PL	F26 FTW MAY	105	E11	1104761D039.085	Glycerin 23	FTW	195394894455	288	408	7	55,3	387,1	34586334
22	1023643834	4/28/2026	5/15/2026	5/12/2026	64920	PL	F26 FTW MAY	105	E11	1104761D039.090	Glycerin 23	FTW	195394894462	289	408	10	55,3	553	34586334
22	1023643834	4/28/2026	5/15/2026	5/12/2026	64920	PL	F26 FTW MAY	105	E11	1104761D039.095	Glycerin 23	FTW	195394894479	290	408	14	55,3	774,2	34586334
22	1023643834	4/28/2026	5/15/2026	5/12/2026	64920	PL	F26 FTW MAY	105	E11	1104761D039.100	Glycerin 23	FTW	195394894486	291	408	17	55,3	940,1	34586334
22	1023643834	4/28/2026	5/15/2026	5/12/2026	64920	PL	F26 FTW MAY	105	E11	1104761D039.105	Glycerin 23	FTW	195394894493	292	408	16	55,3	884,8	34586334
22	1023643834	4/28/2026	5/15/2026	5/12/2026	64920	PL	F26 FTW MAY	105	E11	1104761D039.110	Glycerin 23	FTW	195394894509	293	408	13	55,3	718,9	34586334
22	1023643834	4/28/2026	5/15/2026	5/12/2026	64920	PL	F26 FTW MAY	105	E11	1104761D039.115	Glycerin 23	FTW	195394894516	294	408	10	55,3	553	34586334
22	1023643834	4/28/2026	5/15/2026	5/12/2026	64920	PL	F26 FTW MAY	105	E11	1104761D039.120	Glycerin 23	FTW	195394894523	295	408	8	55,3	442,4	34586334
22	1023643834	4/28/2026	5/15/2026	5/12/2026	64920	PL	F26 FTW MAY	105	E11	1104761D039.125	Glycerin 23	FTW	195394894530	296	408	6	55,3	331,8	34586334
22	1023643834	4/28/2026	5/15/2026	5/12/2026	64920	PL	F26 FTW MAY	105	E11	1104761D039.130	Glycerin 23	FTW	195394894547	297	408	5	55,3	276,5	34586334
22	1023643834	4/28/2026	5/15/2026	5/12/2026	64920	PL	F26 FTW MAY	105	E11	1104761D039.140	Glycerin 23	FTW	195394894554	298	408	2	55,3	110,6	34586334
22	1023643834	4/28/2026	5/15/2026	5/12/2026	64920	PL	F26 FTW MAY	105	E11	1104761D039.150	Glycerin 23	FTW	195394894561	299	408	2	55,3	110,6	34586334
22	1023643834	4/28/2026	5/15/2026	5/12/2026	64920	PL	F26 FTW MAY	105	E11	1104761D090.085	Glycerin 23	FTW	195394766752	300	408	1	55,3	55,3	34586334
22	1023643834	4/28/2026	5/15/2026	5/12/2026	64920	PL	F26 FTW MAY	105	E11	1104761D090.090	Glycerin 23	FTW	195394766776	301	408	2	55,3	110,6	34586334
22	1023643834	4/28/2026	5/15/2026	5/12/2026	64920	PL	F26 FTW MAY	105	E11	1104761D090.095	Glycerin 23	FTW	195394766790	302	408	3	55,3	165,9	34586334
22	1023643834	4/28/2026	5/15/2026	5/12/2026	64920	PL	F26 FTW MAY	105	E11	1104761D090.100	Glycerin 23	FTW	195394766813	303	408	3	55,3	165,9	34586334
22	1023643834	4/28/2026	5/15/2026	5/12/2026	64920	PL	F26 FTW MAY	105	E11	1104761D090.105	Glycerin 23	FTW	195394766837	304	408	3	55,3	165,9	34586334
22	1023643834	4/28/2026	5/15/2026	5/12/2026	64920	PL	F26 FTW MAY	105	E11	1104761D090.110	Glycerin 23	FTW	195394766851	305	408	3	55,3	165,9	34586334
22	1023643834	4/28/2026	5/15/2026	5/12/2026	64920	PL	F26 FTW MAY	105	E11	1104761D090.115	Glycerin 23	FTW	195394766875	306	408	2	55,3	110,6	34586334
22	1023643834	4/28/2026	5/15/2026	5/12/2026	64920	PL	F26 FTW MAY	105	E11	1104761D090.120	Glycerin 23	FTW	195394766899	307	408	1	55,3	55,3	34586334
22	1023643834	4/28/2026	5/15/2026	5/12/2026	64920	PL	F26 FTW MAY	105	E11	1104761D163.085	Glycerin 23	FTW	195394893434	308	408	1	55,3	55,3	34586334
22	1023643834	4/28/2026	5/15/2026	5/12/2026	64920	PL	F26 FTW MAY	105	E11	1104761D163.090	Glycerin 23	FTW	195394893458	309	408	2	55,3	110,6	34586334
22	1023643834	4/28/2026	5/15/2026	5/12/2026	64920	PL	F26 FTW MAY	105	E11	1104761D163.095	Glycerin 23	FTW	195394893472	310	408	3	55,3	165,9	34586334
22	1023643834	4/28/2026	5/15/2026	5/12/2026	64920	PL	F26 FTW MAY	105	E11	1104761D163.100	Glycerin 23	FTW	195394893496	311	408	6	55,3	331,8	34586334
22	1023643834	4/28/2026	5/15/2026	5/12/2026	64920	PL	F26 FTW MAY	105	E11	1104761D163.105	Glycerin 23	FTW	195394893519	312	408	6	55,3	331,8	34586334
22	1023643834	4/28/2026	5/15/2026	5/12/2026	64920	PL	F26 FTW MAY	105	E11	1104761D163.110	Glycerin 23	FTW	195394893533	313	408	3	55,3	165,9	34586334
22	1023643834	4/28/2026	5/15/2026	5/12/2026	64920	PL	F26 FTW MAY	105	E11	1104761D163.115	Glycerin 23	FTW	195394893557	314	408	2	55,3	110,6	34586334
22	1023643834	4/28/2026	5/15/2026	5/12/2026	64920	PL	F26 FTW MAY	105	E11	1104761D163.120	Glycerin 23	FTW	195394893571	315	408	1	55,3	55,3	34586334
22	1023643834	4/28/2026	5/15/2026	5/12/2026	64920	PL	F26 FTW MAY	105	E11	1104761D228.080	Glycerin 23	FTW	195394893991	316	408	2	55,3	110,6	34586334
22	1023643834	4/28/2026	5/15/2026	5/12/2026	64920	PL	F26 FTW MAY	105	E11	1104761D228.085	Glycerin 23	FTW	195394894004	317	408	5	55,3	276,5	34586334
22	1023643834	4/28/2026	5/15/2026	5/12/2026	64920	PL	F26 FTW MAY	105	E11	1104761D228.090	Glycerin 23	FTW	195394894011	318	408	6	55,3	331,8	34586334
22	1023643834	4/28/2026	5/15/2026	5/12/2026	64920	PL	F26 FTW MAY	105	E11	1104761D228.095	Glycerin 23	FTW	195394894028	319	408	10	55,3	553	34586334
22	1023643834	4/28/2026	5/15/2026	5/12/2026	64920	PL	F26 FTW MAY	105	E11	1104761D228.100	Glycerin 23	FTW	195394894035	320	408	14	55,3	774,2	34586334
22	1023643834	4/28/2026	5/15/2026	5/12/2026	64920	PL	F26 FTW MAY	105	E11	1104761D228.105	Glycerin 23	FTW	195394894042	321	408	13	55,3	718,9	34586334
22	1023643834	4/28/2026	5/15/2026	5/12/2026	64920	PL	F26 FTW MAY	105	E11	1104761D228.110	Glycerin 23	FTW	195394894059	322	408	9	55,3	497,7	34586334
22	1023643834	4/28/2026	5/15/2026	5/12/2026	64920	PL	F26 FTW MAY	105	E11	1104761D228.115	Glycerin 23	FTW	195394894066	323	408	6	55,3	331,8	34586334
22	1023643834	4/28/2026	5/15/2026	5/12/2026	64920	PL	F26 FTW MAY	105	E11	1104761D228.120	Glycerin 23	FTW	195394894073	324	408	4	55,3	221,2	34586334
22	1023643834	4/28/2026	5/15/2026	5/12/2026	64920	PL	F26 FTW MAY	105	E11	1104761D228.125	Glycerin 23	FTW	195394894080	325	408	3	55,3	165,9	34586334
22	1023643834	4/28/2026	5/15/2026	5/12/2026	64920	PL	F26 FTW MAY	105	E11	1104761D228.130	Glycerin 23	FTW	195394894097	326	408	3	55,3	165,9	34586334
22	1023643834	4/28/2026	5/15/2026	5/12/2026	64920	PL	F26 FTW MAY	105	E11	1104761D228.140	Glycerin 23	FTW	195394894103	327	408	1	55,3	55,3	34586334
22	1023643834	4/28/2026	5/15/2026	5/12/2026	64920	PL	F26 FTW MAY	105	E11	1104761D228.150	Glycerin 23	FTW	195394894110	328	408	1	55,3	55,3	34586334
22	1023643834	4/28/2026	5/15/2026	5/12/2026	64920	PL	F26 FTW MAY	105	E11	1104761D464.080	Glycerin 23	FTW	195394893694	329	408	1	55,3	55,3	34586334
22	1023643834	4/28/2026	5/15/2026	5/12/2026	64920	PL	F26 FTW MAY	105	E11	1104761D464.085	Glycerin 23	FTW	195394893700	330	408	1	55,3	55,3	34586334
22	1023643834	4/28/2026	5/15/2026	5/12/2026	64920	PL	F26 FTW MAY	105	E11	1104761D464.090	Glycerin 23	FTW	195394893717	331	408	1	55,3	55,3	34586334
22	1023643834	4/28/2026	5/15/2026	5/12/2026	64920	PL	F26 FTW MAY	105	E11	1104761D464.095	Glycerin 23	FTW	195394893724	332	408	2	55,3	110,6	34586334
22	1023643834	4/28/2026	5/15/2026	5/12/2026	64920	PL	F26 FTW MAY	105	E11	1104761D464.100	Glycerin 23	FTW	195394893731	333	408	2	55,3	110,6	34586334
22	1023643834	4/28/2026	5/15/2026	5/12/2026	64920	PL	F26 FTW MAY	105	E11	1104761D464.105	Glycerin 23	FTW	195394893748	334	408	2	55,3	110,6	34586334
22	1023643834	4/28/2026	5/15/2026	5/12/2026	64920	PL	F26 FTW MAY	105	E11	1104761D464.110	Glycerin 23	FTW	195394893755	335	408	2	55,3	110,6	34586334
22	1023643834	4/28/2026	5/15/2026	5/12/2026	64920	PL	F26 FTW MAY	105	E11	1104761D464.115	Glycerin 23	FTW	195394893762	336	408	2	55,3	110,6	34586334
22	1023643834	4/28/2026	5/15/2026	5/12/2026	64920	PL	F26 FTW MAY	105	E11	1104761D464.120	Glycerin 23	FTW	195394893779	337	408	2	55,3	110,6	34586334
22	1023643834	4/28/2026	5/15/2026	5/12/2026	64920	PL	F26 FTW MAY	105	E11	1104761D464.125	Glycerin 23	FTW	195394893786	338	408	2	55,3	110,6	34586334
22	1023643834	4/28/2026	5/15/2026	5/12/2026	64920	PL	F26 FTW MAY	105	E11	1104761D464.130	Glycerin 23	FTW	195394893793	339	408	1	55,3	55,3	34586334
22	1023643834	4/28/2026	5/15/2026	5/12/2026	64920	PL	F26 FTW MAY	105	E11	1104761D464.140	Glycerin 23	FTW	195394893809	340	408	1	55,3	55,3	34586334
22	1023643834	4/28/2026	5/15/2026	5/12/2026	64920	PL	F26 FTW MAY	105	E11	1104761D464.150	Glycerin 23	FTW	195394893816	341	408	1	55,3	55,3	34586334
22	1023643834	4/28/2026	5/15/2026	5/12/2026	64920	PL	F26 FTW MAY	105	E11	1104762E090.080	Glycerin 23	FTW	195394766745	342	408	1	55,3	55,3	34586334
22	1023643834	4/28/2026	5/15/2026	5/12/2026	64920	PL	F26 FTW MAY	105	E11	1104762E090.085	Glycerin 23	FTW	195394766769	343	408	1	55,3	55,3	34586334
22	1023643834	4/28/2026	5/15/2026	5/12/2026	64920	PL	F26 FTW MAY	105	E11	1104762E090.090	Glycerin 23	FTW	195394766783	344	408	2	55,3	110,6	34586334
22	1023643834	4/28/2026	5/15/2026	5/12/2026	64920	PL	F26 FTW MAY	105	E11	1104762E090.095	Glycerin 23	FTW	195394766806	345	408	3	55,3	165,9	34586334
22	1023643834	4/28/2026	5/15/2026	5/12/2026	64920	PL	F26 FTW MAY	105	E11	1104762E090.100	Glycerin 23	FTW	195394766820	346	408	3	55,3	165,9	34586334
22	1023643834	4/28/2026	5/15/2026	5/12/2026	64920	PL	F26 FTW MAY	105	E11	1104762E090.105	Glycerin 23	FTW	195394766844	347	408	3	55,3	165,9	34586334
22	1023643834	4/28/2026	5/15/2026	5/12/2026	64920	PL	F26 FTW MAY	105	E11	1104762E090.110	Glycerin 23	FTW	195394766868	348	408	3	55,3	165,9	34586334
22	1023643834	4/28/2026	5/15/2026	5/12/2026	64920	PL	F26 FTW MAY	105	E11	1104762E090.115	Glycerin 23	FTW	195394766882	349	408	3	55,3	165,9	34586334
22	1023643834	4/28/2026	5/15/2026	5/12/2026	64920	PL	F26 FTW MAY	105	E11	1104762E090.120	Glycerin 23	FTW	195394766905	350	408	2	55,3	110,6	34586334
22	1023643834	4/28/2026	5/15/2026	5/12/2026	64920	PL	F26 FTW MAY	105	E11	1104762E090.125	Glycerin 23	FTW	195394766929	351	408	1	55,3	55,3	34586334
22	1023643834	4/28/2026	5/15/2026	5/12/2026	64920	PL	F26 FTW MAY	105	E11	1104762E090.130	Glycerin 23	FTW	195394766943	352	408	1	55,3	55,3	34586334
22	1023643834	4/28/2026	5/15/2026	5/12/2026	64920	PL	F26 FTW MAY	105	E11	1204651B072.065	Glycerin 23	FTW	195394895469	353	408	3	55,3	165,9	34586334
22	1023643834	4/28/2026	5/15/2026	5/12/2026	64920	PL	F26 FTW MAY	105	E11	1204651B072.070	Glycerin 23	FTW	195394895476	354	408	9	55,3	497,7	34586334
22	1023643834	4/28/2026	5/15/2026	5/12/2026	64920	PL	F26 FTW MAY	105	E11	1204651B072.075	Glycerin 23	FTW	195394895483	355	408	11	55,3	608,3	34586334
22	1023643834	4/28/2026	5/15/2026	5/12/2026	64920	PL	F26 FTW MAY	105	E11	1204651B072.080	Glycerin 23	FTW	195394895490	356	408	15	55,3	829,5	34586334
22	1023643834	4/28/2026	5/15/2026	5/12/2026	64920	PL	F26 FTW MAY	105	E11	1204651B072.085	Glycerin 23	FTW	195394895506	357	408	12	55,3	663,6	34586334
22	1023643834	4/28/2026	5/15/2026	5/12/2026	64920	PL	F26 FTW MAY	105	E11	1204651B072.090	Glycerin 23	FTW	195394895513	358	408	11	55,3	608,3	34586334
22	1023643834	4/28/2026	5/15/2026	5/12/2026	64920	PL	F26 FTW MAY	105	E11	1204651B072.095	Glycerin 23	FTW	195394895520	359	408	8	55,3	442,4	34586334
22	1023643834	4/28/2026	5/15/2026	5/12/2026	64920	PL	F26 FTW MAY	105	E11	1204651B072.100	Glycerin 23	FTW	195394895537	360	408	4	55,3	221,2	34586334
22	1023643834	4/28/2026	5/15/2026	5/12/2026	64920	PL	F26 FTW MAY	105	E11	1204651B072.105	Glycerin 23	FTW	195394895544	361	408	2	55,3	110,6	34586334
22	1023643834	4/28/2026	5/15/2026	5/12/2026	64920	PL	F26 FTW MAY	105	E11	1204651B083.065	Glycerin 23	FTW	195394894608	362	408	1	55,3	55,3	34586334
22	1023643834	4/28/2026	5/15/2026	5/12/2026	64920	PL	F26 FTW MAY	105	E11	1204651B083.070	Glycerin 23	FTW	195394894615	363	408	2	55,3	110,6	34586334
22	1023643834	4/28/2026	5/15/2026	5/12/2026	64920	PL	F26 FTW MAY	105	E11	1204651B083.075	Glycerin 23	FTW	195394894622	364	408	3	55,3	165,9	34586334
22	1023643834	4/28/2026	5/15/2026	5/12/2026	64920	PL	F26 FTW MAY	105	E11	1204651B083.080	Glycerin 23	FTW	195394894639	365	408	4	55,3	221,2	34586334
22	1023643834	4/28/2026	5/15/2026	5/12/2026	64920	PL	F26 FTW MAY	105	E11	1204651B083.085	Glycerin 23	FTW	195394894646	366	408	3	55,3	165,9	34586334
22	1023643834	4/28/2026	5/15/2026	5/12/2026	64920	PL	F26 FTW MAY	105	E11	1204651B083.090	Glycerin 23	FTW	195394894653	367	408	2	55,3	110,6	34586334
22	1023643834	4/28/2026	5/15/2026	5/12/2026	64920	PL	F26 FTW MAY	105	E11	1204651B083.095	Glycerin 23	FTW	195394894660	368	408	1	55,3	55,3	34586334
22	1023643834	4/28/2026	5/15/2026	5/12/2026	64920	PL	F26 FTW MAY	105	E11	1204651B174.065	Glycerin 23	FTW	195394895193	369	408	3	55,3	165,9	34586334
22	1023643834	4/28/2026	5/15/2026	5/12/2026	64920	PL	F26 FTW MAY	105	E11	1204651B174.070	Glycerin 23	FTW	195394895216	370	408	9	55,3	497,7	34586334
22	1023643834	4/28/2026	5/15/2026	5/12/2026	64920	PL	F26 FTW MAY	105	E11	1204651B174.075	Glycerin 23	FTW	195394895230	371	408	10	55,3	553	34586334
22	1023643834	4/28/2026	5/15/2026	5/12/2026	64920	PL	F26 FTW MAY	105	E11	1204651B174.080	Glycerin 23	FTW	195394895254	372	408	14	55,3	774,2	34586334
22	1023643834	4/28/2026	5/15/2026	5/12/2026	64920	PL	F26 FTW MAY	105	E11	1204651B174.085	Glycerin 23	FTW	195394895278	373	408	11	55,3	608,3	34586334
22	1023643834	4/28/2026	5/15/2026	5/12/2026	64920	PL	F26 FTW MAY	105	E11	1204651B174.090	Glycerin 23	FTW	195394895292	374	408	9	55,3	497,7	34586334
22	1023643834	4/28/2026	5/15/2026	5/12/2026	64920	PL	F26 FTW MAY	105	E11	1204651B174.095	Glycerin 23	FTW	195394895315	375	408	6	55,3	331,8	34586334
22	1023643834	4/28/2026	5/15/2026	5/12/2026	64920	PL	F26 FTW MAY	105	E11	1204651B174.100	Glycerin 23	FTW	195394895339	376	408	3	55,3	165,9	34586334
22	1023643834	4/28/2026	5/15/2026	5/12/2026	64920	PL	F26 FTW MAY	105	E11	1204651B174.105	Glycerin 23	FTW	195394895353	377	408	1	55,3	55,3	34586334
22	1023643834	4/28/2026	5/15/2026	5/12/2026	64920	PL	F26 FTW MAY	105	E11	1204651B487.075	Glycerin 23	FTW	195394894950	378	408	1	55,3	55,3	34586334
22	1023643834	4/28/2026	5/15/2026	5/12/2026	64920	PL	F26 FTW MAY	105	E11	1204651B487.080	Glycerin 23	FTW	195394894974	379	408	1	55,3	55,3	34586334
22	1023643834	4/28/2026	5/15/2026	5/12/2026	64920	PL	F26 FTW MAY	105	E11	1204651B487.085	Glycerin 23	FTW	195394894998	380	408	1	55,3	55,3	34586334
22	1023643834	4/28/2026	5/15/2026	5/12/2026	64920	PL	F26 FTW MAY	105	E11	1204651B487.090	Glycerin 23	FTW	195394895018	381	408	1	55,3	55,3	34586334
22	1023643834	4/28/2026	5/15/2026	5/12/2026	64920	PL	F26 FTW MAY	105	E11	1204651B487.095	Glycerin 23	FTW	195394895032	382	408	1	55,3	55,3	34586334
22	1023643834	4/28/2026	5/15/2026	5/12/2026	64920	PL	F26 FTW MAY	105	E11	1204651B487.100	Glycerin 23	FTW	195394895056	383	408	1	55,3	55,3	34586334
22	1023643834	4/28/2026	5/15/2026	5/12/2026	64920	PL	F26 FTW MAY	105	E11	1204651B487.105	Glycerin 23	FTW	195394895070	384	408	1	55,3	55,3	34586334
22	1023643834	4/28/2026	5/15/2026	5/12/2026	64920	PL	F26 FTW MAY	105	E11	1204651B487.110	Glycerin 23	FTW	195394895094	385	408	1	55,3	55,3	34586334
22	1023643834	4/28/2026	5/15/2026	5/12/2026	64920	PL	F26 FTW MAY	105	E11	1204651B487.115	Glycerin 23	FTW	195394895117	386	408	1	55,3	55,3	34586334
22	1023643834	4/28/2026	5/15/2026	5/12/2026	64920	PL	F26 FTW MAY	105	E11	1204651D453.060	Glycerin 23	FTW	195394774245	387	408	1	55,3	55,3	34586334
22	1023643834	4/28/2026	5/15/2026	5/12/2026	64920	PL	F26 FTW MAY	105	E11	1204651D453.065	Glycerin 23	FTW	195394774276	388	408	1	55,3	55,3	34586334
22	1023643834	4/28/2026	5/15/2026	5/12/2026	64920	PL	F26 FTW MAY	105	E11	1204651D453.070	Glycerin 23	FTW	195394774306	389	408	2	55,3	110,6	34586334
22	1023643834	4/28/2026	5/15/2026	5/12/2026	64920	PL	F26 FTW MAY	105	E11	1204651D453.075	Glycerin 23	FTW	195394774337	390	408	3	55,3	165,9	34586334
22	1023643834	4/28/2026	5/15/2026	5/12/2026	64920	PL	F26 FTW MAY	105	E11	1204651D453.080	Glycerin 23	FTW	195394774368	391	408	3	55,3	165,9	34586334
22	1023643834	4/28/2026	5/15/2026	5/12/2026	64920	PL	F26 FTW MAY	105	E11	1204651D453.085	Glycerin 23	FTW	195394774399	392	408	3	55,3	165,9	34586334
22	1023643834	4/28/2026	5/15/2026	5/12/2026	64920	PL	F26 FTW MAY	105	E11	1204651D453.090	Glycerin 23	FTW	195394774429	393	408	4	55,3	221,2	34586334
22	1023643834	4/28/2026	5/15/2026	5/12/2026	64920	PL	F26 FTW MAY	105	E11	1204651D453.095	Glycerin 23	FTW	195394774450	394	408	4	55,3	221,2	34586334
22	1023643834	4/28/2026	5/15/2026	5/12/2026	64920	PL	F26 FTW MAY	105	E11	1204651D453.100	Glycerin 23	FTW	195394774481	395	408	2	55,3	110,6	34586334
22	1023643834	4/28/2026	5/15/2026	5/12/2026	64920	PL	F26 FTW MAY	105	E11	1204651D453.105	Glycerin 23	FTW	195394774511	396	408	2	55,3	110,6	34586334
22	1023643834	4/28/2026	5/15/2026	5/12/2026	64920	PL	F26 FTW MAY	105	E11	1104781D023.080	Glycerin Flex	FTW	195394896206	397	408	2	56,8	113,6	34586334
22	1023643834	4/28/2026	5/15/2026	5/12/2026	64920	PL	F26 FTW MAY	105	E11	1104781D023.085	Glycerin Flex	FTW	195394896213	398	408	2	56,8	113,6	34586334
22	1023643834	4/28/2026	5/15/2026	5/12/2026	64920	PL	F26 FTW MAY	105	E11	1104781D023.090	Glycerin Flex	FTW	195394896220	399	408	4	56,8	227,2	34586334
22	1023643834	4/28/2026	5/15/2026	5/12/2026	64920	PL	F26 FTW MAY	105	E11	1104781D023.095	Glycerin Flex	FTW	195394896237	400	408	6	56,8	340,8	34586334
22	1023643834	4/28/2026	5/15/2026	5/12/2026	64920	PL	F26 FTW MAY	105	E11	1104781D023.100	Glycerin Flex	FTW	195394896244	401	408	10	56,8	568	34586334
22	1023643834	4/28/2026	5/15/2026	5/12/2026	64920	PL	F26 FTW MAY	105	E11	1104781D023.105	Glycerin Flex	FTW	195394896251	402	408	10	56,8	568	34586334
22	1023643834	4/28/2026	5/15/2026	5/12/2026	64920	PL	F26 FTW MAY	105	E11	1104781D023.110	Glycerin Flex	FTW	195394896268	403	408	8	56,8	454,4	34586334
22	1023643834	4/28/2026	5/15/2026	5/12/2026	64920	PL	F26 FTW MAY	105	E11	1104781D023.115	Glycerin Flex	FTW	195394896275	404	408	6	56,8	340,8	34586334
22	1023643834	4/28/2026	5/15/2026	5/12/2026	64920	PL	F26 FTW MAY	105	E11	1104781D023.120	Glycerin Flex	FTW	195394896282	405	408	4	56,8	227,2	34586334
22	1023643834	4/28/2026	5/15/2026	5/12/2026	64920	PL	F26 FTW MAY	105	E11	1104781D023.125	Glycerin Flex	FTW	195394896299	406	408	2	56,8	113,6	34586334
22	1023643834	4/28/2026	5/15/2026	5/12/2026	64920	PL	F26 FTW MAY	105	E11	1104781D093.090	Glycerin Flex	FTW	195394895773	407	408	1	56,8	56,8	34586334
22	1023643834	4/28/2026	5/15/2026	5/12/2026	64920	PL	F26 FTW MAY	105	E11	1104781D093.095	Glycerin Flex	FTW	195394895780	408	408	2	56,8	113,6	34586334
22	1023643834	4/28/2026	5/15/2026	5/12/2026	64920	PL	F26 FTW MAY	105	E11	1104781D093.100	Glycerin Flex	FTW	195394895797	409	408	4	56,8	227,2	34586334
22	1023643834	4/28/2026	5/15/2026	5/12/2026	64920	PL	F26 FTW MAY	105	E11	1104781D093.105	Glycerin Flex	FTW	195394895803	410	408	4	56,8	227,2	34586334
22	1023643834	4/28/2026	5/15/2026	5/12/2026	64920	PL	F26 FTW MAY	105	E11	1104781D093.110	Glycerin Flex	FTW	195394895810	411	408	3	56,8	170,4	34586334
22	1023643834	4/28/2026	5/15/2026	5/12/2026	64920	PL	F26 FTW MAY	105	E11	1104781D093.115	Glycerin Flex	FTW	195394895827	412	408	2	56,8	113,6	34586334
22	1023643834	4/28/2026	5/15/2026	5/12/2026	64920	PL	F26 FTW MAY	105	E11	1104781D093.120	Glycerin Flex	FTW	195394895834	413	408	1	56,8	56,8	34586334
22	1023643834	4/28/2026	5/15/2026	5/12/2026	64920	PL	F26 FTW MAY	105	E11	1104781D196.090	Glycerin Flex	FTW	195394896077	414	408	4	56,8	227,2	34586334
22	1023643834	4/28/2026	5/15/2026	5/12/2026	64920	PL	F26 FTW MAY	105	E11	1104781D196.095	Glycerin Flex	FTW	195394896084	415	408	4	56,8	227,2	34586334
22	1023643834	4/28/2026	5/15/2026	5/12/2026	64920	PL	F26 FTW MAY	105	E11	1104781D196.100	Glycerin Flex	FTW	195394896091	416	408	4	56,8	227,2	34586334
22	1023643834	4/28/2026	5/15/2026	5/12/2026	64920	PL	F26 FTW MAY	105	E11	1104781D196.105	Glycerin Flex	FTW	195394896107	417	408	4	56,8	227,2	34586334
22	1023643834	4/28/2026	5/15/2026	5/12/2026	64920	PL	F26 FTW MAY	105	E11	1104781D196.110	Glycerin Flex	FTW	195394896114	418	408	4	56,8	227,2	34586334
22	1023643834	4/28/2026	5/15/2026	5/12/2026	64920	PL	F26 FTW MAY	105	E11	1204671B109.065	Glycerin Flex	FTW	195394896510	419	408	1	56,8	56,8	34586334
22	1023643834	4/28/2026	5/15/2026	5/12/2026	64920	PL	F26 FTW MAY	105	E11	1204671B109.070	Glycerin Flex	FTW	195394896527	420	408	3	56,8	170,4	34586334
22	1023643834	4/28/2026	5/15/2026	5/12/2026	64920	PL	F26 FTW MAY	105	E11	1204671B109.075	Glycerin Flex	FTW	195394896534	421	408	3	56,8	170,4	34586334
22	1023643834	4/28/2026	5/15/2026	5/12/2026	64920	PL	F26 FTW MAY	105	E11	1204671B109.080	Glycerin Flex	FTW	195394896541	422	408	4	56,8	227,2	34586334
22	1023643834	4/28/2026	5/15/2026	5/12/2026	64920	PL	F26 FTW MAY	105	E11	1204671B109.085	Glycerin Flex	FTW	195394896558	423	408	4	56,8	227,2	34586334
22	1023643834	4/28/2026	5/15/2026	5/12/2026	64920	PL	F26 FTW MAY	105	E11	1204671B109.090	Glycerin Flex	FTW	195394896565	424	408	4	56,8	227,2	34586334
22	1023643834	4/28/2026	5/15/2026	5/12/2026	64920	PL	F26 FTW MAY	105	E11	1204671B109.095	Glycerin Flex	FTW	195394896572	425	408	2	56,8	113,6	34586334
22	1023643834	4/28/2026	5/15/2026	5/12/2026	64920	PL	F26 FTW MAY	105	E11	1204671B109.100	Glycerin Flex	FTW	195394896589	426	408	1	56,8	56,8	34586334
22	1023643834	4/28/2026	5/15/2026	5/12/2026	64920	PL	F26 FTW MAY	105	E11	1204671B508.065	Glycerin Flex	FTW	195394896367	427	408	1	56,8	56,8	34586334
22	1023643834	4/28/2026	5/15/2026	5/12/2026	64920	PL	F26 FTW MAY	105	E11	1204671B508.070	Glycerin Flex	FTW	195394896374	428	408	2	56,8	113,6	34586334
22	1023643834	4/28/2026	5/15/2026	5/12/2026	64920	PL	F26 FTW MAY	105	E11	1204671B508.075	Glycerin Flex	FTW	195394896381	429	408	3	56,8	170,4	34586334
22	1023643834	4/28/2026	5/15/2026	5/12/2026	64920	PL	F26 FTW MAY	105	E11	1204671B508.080	Glycerin Flex	FTW	195394896398	430	408	5	56,8	284	34586334
22	1023643834	4/28/2026	5/15/2026	5/12/2026	64920	PL	F26 FTW MAY	105	E11	1204671B508.085	Glycerin Flex	FTW	195394896404	431	408	5	56,8	284	34586334
22	1023643834	4/28/2026	5/15/2026	5/12/2026	64920	PL	F26 FTW MAY	105	E11	1204671B508.090	Glycerin Flex	FTW	195394896411	432	408	4	56,8	227,2	34586334
22	1023643834	4/28/2026	5/15/2026	5/12/2026	64920	PL	F26 FTW MAY	105	E11	1204671B508.095	Glycerin Flex	FTW	195394896428	433	408	3	56,8	170,4	34586334
22	1023643834	4/28/2026	5/15/2026	5/12/2026	64920	PL	F26 FTW MAY	105	E11	1204671B508.100	Glycerin Flex	FTW	195394896435	434	408	1	56,8	56,8	34586334
22	1023643834	4/28/2026	5/15/2026	5/12/2026	64920	PL	F26 FTW MAY	105	E11	1204671B508.105	Glycerin Flex	FTW	195394896442	435	408	1	56,8	56,8	34586334
22	1023643834	4/28/2026	5/15/2026	5/12/2026	64920	PL	F26 FTW MAY	105	E11	1105031D039.070	Glycerin GTS 23	FTW	195394896930	436	408	2	56,4	112,8	34586334
22	1023643834	4/28/2026	5/15/2026	5/12/2026	64920	PL	F26 FTW MAY	105	E11	1105031D039.075	Glycerin GTS 23	FTW	195394896947	437	408	3	56,4	169,2	34586334
22	1023643834	4/28/2026	5/15/2026	5/12/2026	64920	PL	F26 FTW MAY	105	E11	1105031D039.080	Glycerin GTS 23	FTW	195394896954	438	408	24	56,4	1353,6	34586334
22	1023643834	4/28/2026	5/15/2026	5/12/2026	64920	PL	F26 FTW MAY	105	E11	1105031D039.085	Glycerin GTS 23	FTW	195394896961	439	408	30	56,4	1692	34586334
22	1023643834	4/28/2026	5/15/2026	5/12/2026	64920	PL	F26 FTW MAY	105	E11	1105031D039.090	Glycerin GTS 23	FTW	195394896978	440	408	34	56,4	1917,6	34586334
22	1023643834	4/28/2026	5/15/2026	5/12/2026	64920	PL	F26 FTW MAY	105	E11	1105031D039.095	Glycerin GTS 23	FTW	195394896985	441	408	42	56,4	2368,8	34586334
22	1023643834	4/28/2026	5/15/2026	5/12/2026	64920	PL	F26 FTW MAY	105	E11	1105031D039.100	Glycerin GTS 23	FTW	195394896992	442	408	50	56,4	2820	34586334
22	1023643834	4/28/2026	5/15/2026	5/12/2026	64920	PL	F26 FTW MAY	105	E11	1105031D039.105	Glycerin GTS 23	FTW	195394897005	443	408	38	56,4	2143,2	34586334
22	1023643834	4/28/2026	5/15/2026	5/12/2026	64920	PL	F26 FTW MAY	105	E11	1105031D039.110	Glycerin GTS 23	FTW	195394897012	444	408	30	56,4	1692	34586334
22	1023643834	4/28/2026	5/15/2026	5/12/2026	64920	PL	F26 FTW MAY	105	E11	1105031D039.115	Glycerin GTS 23	FTW	195394897029	445	408	18	56,4	1015,2	34586334
22	1023643834	4/28/2026	5/15/2026	5/12/2026	64920	PL	F26 FTW MAY	105	E11	1105031D039.120	Glycerin GTS 23	FTW	195394897036	446	408	10	56,4	564	34586334
22	1023643834	4/28/2026	5/15/2026	5/12/2026	64920	PL	F26 FTW MAY	105	E11	1105031D039.125	Glycerin GTS 23	FTW	195394897043	447	408	6	56,4	338,4	34586334
22	1023643834	4/28/2026	5/15/2026	5/12/2026	64920	PL	F26 FTW MAY	105	E11	1105031D039.130	Glycerin GTS 23	FTW	195394897050	448	408	8	56,4	451,2	34586334
22	1023643834	4/28/2026	5/15/2026	5/12/2026	64920	PL	F26 FTW MAY	105	E11	1105031D039.140	Glycerin GTS 23	FTW	195394897067	449	408	1	56,4	56,4	34586334
22	1023643834	4/28/2026	5/15/2026	5/12/2026	64920	PL	F26 FTW MAY	105	E11	1105031D039.150	Glycerin GTS 23	FTW	195394897074	450	408	1	56,4	56,4	34586334
22	1023643834	4/28/2026	5/15/2026	5/12/2026	64920	PL	F26 FTW MAY	105	E11	1105031D163.080	Glycerin GTS 23	FTW	195394897104	451	408	3	56,4	169,2	34586334
22	1023643834	4/28/2026	5/15/2026	5/12/2026	64920	PL	F26 FTW MAY	105	E11	1105031D163.085	Glycerin GTS 23	FTW	195394897111	452	408	5	56,4	282	34586334
22	1023643834	4/28/2026	5/15/2026	5/12/2026	64920	PL	F26 FTW MAY	105	E11	1105031D163.090	Glycerin GTS 23	FTW	195394897128	453	408	6	56,4	338,4	34586334
22	1023643834	4/28/2026	5/15/2026	5/12/2026	64920	PL	F26 FTW MAY	105	E11	1105031D163.095	Glycerin GTS 23	FTW	195394897135	454	408	9	56,4	507,6	34586334
22	1023643834	4/28/2026	5/15/2026	5/12/2026	64920	PL	F26 FTW MAY	105	E11	1105031D163.100	Glycerin GTS 23	FTW	195394897142	455	408	10	56,4	564	34586334
22	1023643834	4/28/2026	5/15/2026	5/12/2026	64920	PL	F26 FTW MAY	105	E11	1105031D163.105	Glycerin GTS 23	FTW	195394897159	456	408	9	56,4	507,6	34586334
22	1023643834	4/28/2026	5/15/2026	5/12/2026	64920	PL	F26 FTW MAY	105	E11	1105031D163.110	Glycerin GTS 23	FTW	195394897166	457	408	9	56,4	507,6	34586334
22	1023643834	4/28/2026	5/15/2026	5/12/2026	64920	PL	F26 FTW MAY	105	E11	1105031D163.115	Glycerin GTS 23	FTW	195394897173	458	408	6	56,4	338,4	34586334
22	1023643834	4/28/2026	5/15/2026	5/12/2026	64920	PL	F26 FTW MAY	105	E11	1105031D163.120	Glycerin GTS 23	FTW	195394897180	459	408	4	56,4	225,6	34586334
22	1023643834	4/28/2026	5/15/2026	5/12/2026	64920	PL	F26 FTW MAY	105	E11	1105031D163.125	Glycerin GTS 23	FTW	195394897197	460	408	3	56,4	169,2	34586334
22	1023643834	4/28/2026	5/15/2026	5/12/2026	64920	PL	F26 FTW MAY	105	E11	1105031D163.130	Glycerin GTS 23	FTW	195394897203	461	408	3	56,4	169,2	34586334
22	1023643834	4/28/2026	5/15/2026	5/12/2026	64920	PL	F26 FTW MAY	105	E11	1105031D228.085	Glycerin GTS 23	FTW	195394897265	462	408	1	56,4	56,4	34586334
22	1023643834	4/28/2026	5/15/2026	5/12/2026	64920	PL	F26 FTW MAY	105	E11	1105031D228.090	Glycerin GTS 23	FTW	195394897272	463	408	2	56,4	112,8	34586334
22	1023643834	4/28/2026	5/15/2026	5/12/2026	64920	PL	F26 FTW MAY	105	E11	1105031D228.095	Glycerin GTS 23	FTW	195394897289	464	408	3	56,4	169,2	34586334
22	1023643834	4/28/2026	5/15/2026	5/12/2026	64920	PL	F26 FTW MAY	105	E11	1105031D228.100	Glycerin GTS 23	FTW	195394897296	465	408	6	56,4	338,4	34586334
22	1023643834	4/28/2026	5/15/2026	5/12/2026	64920	PL	F26 FTW MAY	105	E11	1105031D228.105	Glycerin GTS 23	FTW	195394897302	466	408	6	56,4	338,4	34586334
22	1023643834	4/28/2026	5/15/2026	5/12/2026	64920	PL	F26 FTW MAY	105	E11	1105031D228.110	Glycerin GTS 23	FTW	195394897319	467	408	4	56,4	225,6	34586334
22	1023643834	4/28/2026	5/15/2026	5/12/2026	64920	PL	F26 FTW MAY	105	E11	1105031D228.115	Glycerin GTS 23	FTW	195394897326	468	408	2	56,4	112,8	34586334
22	1023643834	4/28/2026	5/15/2026	5/12/2026	64920	PL	F26 FTW MAY	105	E11	1105031D228.120	Glycerin GTS 23	FTW	195394897333	469	408	1	56,4	56,4	34586334
22	1023643834	4/28/2026	5/15/2026	5/12/2026	64920	PL	F26 FTW MAY	105	E11	1204921B072.065	Glycerin GTS 23	FTW	195394897821	470	408	1	56,4	56,4	34586334
22	1023643834	4/28/2026	5/15/2026	5/12/2026	64920	PL	F26 FTW MAY	105	E11	1204921B072.070	Glycerin GTS 23	FTW	195394897838	471	408	5	56,4	282	34586334
22	1023643834	4/28/2026	5/15/2026	5/12/2026	64920	PL	F26 FTW MAY	105	E11	1204921B072.075	Glycerin GTS 23	FTW	195394897845	472	408	7	56,4	394,8	34586334
22	1023643834	4/28/2026	5/15/2026	5/12/2026	64920	PL	F26 FTW MAY	105	E11	1204921B072.080	Glycerin GTS 23	FTW	195394897852	473	408	18	56,4	1015,2	34586334
22	1023643834	4/28/2026	5/15/2026	5/12/2026	64920	PL	F26 FTW MAY	105	E11	1204921B072.085	Glycerin GTS 23	FTW	195394897869	474	408	17	56,4	958,8	34586334
22	1023643834	4/28/2026	5/15/2026	5/12/2026	64920	PL	F26 FTW MAY	105	E11	1204921B072.090	Glycerin GTS 23	FTW	195394897876	475	408	16	56,4	902,4	34586334
22	1023643834	4/28/2026	5/15/2026	5/12/2026	64920	PL	F26 FTW MAY	105	E11	1204921B072.095	Glycerin GTS 23	FTW	195394897883	476	408	10	56,4	564	34586334
22	1023643834	4/28/2026	5/15/2026	5/12/2026	64920	PL	F26 FTW MAY	105	E11	1204921B072.100	Glycerin GTS 23	FTW	195394897890	477	408	5	56,4	282	34586334
22	1023643834	4/28/2026	5/15/2026	5/12/2026	64920	PL	F26 FTW MAY	105	E11	1204921B072.105	Glycerin GTS 23	FTW	195394897906	478	408	4	56,4	225,6	34586334